case_id,image_sha256,entity,issue,license,source
of1-0000,f988f096b73a0d481d8e0fa50a2f919310297bc51225f9354f85058fd3654ab1,aloe_vera,Anthracnose,MIT,Kaggle
of1-0001,ed1a3c03baf49ff06c1e96303bfbb69d487b4215784c65402bfdd649a23e3316,aloe_vera,Anthracnose,MIT,Kaggle
of1-0002,7835eaaebf149f9802fbafb5b22a4f939f7e9973911bacc5901f2d84d357bf8d,aloe_vera,Leaf spot syndrome,MIT,Kaggle
of1-0003,6ff4ab80a7b3a4cd8d86fe83787f646dbc67e2f5bef7be3d82a6f89acf9fff15,aloe_vera,Leaf spot syndrome,MIT,Kaggle
of1-0004,b510e430dec008ba050b6943957e9c92cffbd8ef70f394f9486945ff5e2b6d45,aloe_vera,Rust,MIT,Kaggle
of1-0005,b421c4ccd3b3b3dec63fe818b0dfaa9b1065355e9a4e1e85c4f491b206d8b29e,aloe_vera,Rust,MIT,Kaggle
of1-0006,787910d7c7c73634fea0390797a0158a51b104e0b562264bcf36db915fe10688,apple,Black Rot,CC0,Kaggle
of1-0007,b6bde29de7ac9f84d1bc059851b8b68ec7acca4b914d01832cebf466bf23760c,apple,Black Rot,CC0,Kaggle
of1-0008,46a2d77f7ae17b482b971df8b5f5288bfff9816afd66828ed09bcdd443e374c6,apple,Black leaf spot syndrome,CC-BY,other
of1-0009,c1014ab61a4c60250ebd24bd115fe943c8021e2df463363cdda568448a8c08df,apple,Black leaf spot syndrome,CC-BY,other
of1-0010,308b46f79ae60b58ad6a8d3d02a07a012ef2448b8cd32a8c0fa105acee8d8b50,apple,Brown leaf spot syndrome,CC-BY,other
of1-0011,ee47489347cdd1fb960a8eabb74c8c82b93e396833bbecb3da5eacd57e0d99b1,apple,Brown leaf spot syndrome,CC-BY,other
of1-0012,05e7353399007598cf60dbe3f10964dd67540b3fc6d48aa195bd5f3777b8c7f7,apple,Cedar-Apple Rust,CC0,Kaggle
of1-0013,e760341c0667a551fc9a35d5116c52f5359a7227d431cb653fa455925619f2eb,apple,Cedar-Apple Rust,CC0,Kaggle
of1-0014,255094f9e742f595fd911f0a58a3dfadaf3a1f08615beb69d40179e0821b9f40,apricot,Leaf blight syndrome,CC-BY,other
of1-0015,29f9debbf9cd876ade8004f75ea7bb3f2502a1028426e4aadbada3cb978370c9,apricot,Leaf blight syndrome,CC-BY,other
of1-0016,35615f5cf6aa787418e400ceb670fc749dfac6e41ea6bc585a7564f844767bd0,arecanut,Bud borer,CC-BY,Roboflow
of1-0017,2a394b0673512ef831f381dbd007008e030db0b3273dc57b40d706384ee3aed2,arecanut,Bud borer,CC-BY,Roboflow
of1-0018,39c9cc1121f7d5f7352d71a257896871794730ea092483d6cf2f72dca8279461,arecanut,Foot rot or anabe roga,CC0,iNaturalist
of1-0019,c5d0b6398d88947b16e32e1fe20109af51cb77c8bf44e3a14fa1d8ce0852b41b,arecanut,Foot rot or anabe roga,CC0,iNaturalist
of1-0020,036373a5e22fc112770d215b1e0e8e91fc1c1f05b76021dc1da8947ca09b91d4,arecanut,Koleroga or mahali fruit rot,CC0,Kaggle
of1-0021,4690387bb59539a733193cab76ec4e7343a69a4b837d6dd35e0a8ff02d7307f4,arecanut,Koleroga or mahali fruit rot,CC0,Kaggle
of1-0022,2f2684c9df6fe1a4171ffb113a4076eb628fa9ef23961092be2baaa0b3af2f07,ash_gourd,Aphids,CC-BY,Kaggle
of1-0023,9d4deda9f4e9183728673b3e59071efec96c97e6393368fee22e95a557a23055,ash_gourd,Aphids,CC-BY,Kaggle
of1-0024,60421709eed57742cae11e7ea8803afb87243eda017b9cadd82ef32c5187f644,ash_gourd,Downy mildew,CC-BY,other
of1-0025,7cd4634952be9cefb4803142d308d5c0cd7ad1247eb97a15e4a280c284d94e71,ash_gourd,Downy mildew,CC-BY,other
of1-0026,cffbdf8cde2b39ff53f696faaa7153780aa207840cf01d4675da5d55c7c9ec67,ash_gourd,Leaf curl,CC-BY,other
of1-0027,f69d81aac3e311277c6afc2d4699d4b8948cdea5eca4250aa589897d9d5f4787,ash_gourd,Leaf curl,CC-BY,other
of1-0028,8426f0fdc21a2bfc087b2db12759a56168290e21b11cd2100f7936df931a38fa,ash_gourd,Leaf miner,CC-BY,other
of1-0029,c1f03508dcfe1418b415d48d214cb60269686a941f39685f40129d9c1877aa6d,ash_gourd,Leaf miner,CC-BY,other
of1-0030,9c7ad360257a2ab3b389de3588e450972f80b9a33fec125adb24f20047b8a8fb,ash_gourd,Powdery mildew,CC-BY,Kaggle
of1-0031,64b6e7a00934043444f6bb6d006a57ed2717ee39473d7aa03c3c1d773f837bce,ash_gourd,Powdery mildew,CC-BY,Kaggle
of1-0032,032ad1febaa8d66ec764d43a59ac267317a5f7aafc59eb95828f63338dfb9f68,avocado,Avocado leafminer,CC-BY,other
of1-0033,32a9195edcc5a1181ccc2f9858a821ad557ff6287f62f8137314799fcd2c3797,avocado,Avocado leafminer,CC-BY,other
of1-0034,b555796eafe39ab8e110a2877b106e4a7cf947f167a2f885da4d729816bfac76,avocado,Persea mite,CC-BY,other
of1-0035,51badc2c88e84ee637b832bea54518ff04d2b2880b5996719a9759329334d38a,avocado,Persea mite,CC-BY,other
of1-0036,b2048dfa0bbe7ec6dc9eda170b12bea9eda4ef4bca584f78dd79a104ab829684,avocado,Red spider mite,CC-BY,other
of1-0037,d281646e4fb92e23167a3a4ffe93633319b88b950416dc6ebd732f15ac36e240,avocado,Red spider mite,CC-BY,other
of1-0038,f262182d5ee5498b1e80e13f84cd4cafdc463132f4d8cd515a81534cbab30b02,bael,Cercospora leaf spot,CC-BY,other
of1-0039,4955640099679f018797d1e30861c980ecd0dc2115f52438884e0f4569d5beda,bael,Cercospora leaf spot,CC-BY,other
of1-0040,242ab8c837d33893b822b49e20821324c392f38e8f5187759bb818ca6bef8809,bael,Leaf spot syndrome,CC-BY,other
of1-0041,f3ac736f446ff0d9eaf27600c99ce9b556e6b2d8aa5115e95cc775e3d2cb7a8c,bael,Leaf spot syndrome,CC-BY,other
of1-0042,285052067572aa8a9b050e2fedf1a345cbfd73b4e1800fbc54f54e9da7b191e6,banana,Pestalotiopsis Leaf Spot,CC-BY,Kaggle
of1-0043,89f5c296db0c84db3bc91e469d0e8765a60d0a5edda84151ae66f9c3b25ce368,banana,Pestalotiopsis Leaf Spot,CC-BY,Kaggle
of1-0044,9c6189e34348fe2d862ad02595dcc762b8f36e4c3781fd1768001c3fb61d2bf5,bean_french_bean,Angular leaf spot,CC-BY,other
of1-0045,bd221e94fe68f1937197cf58ad3643a2d2a8e19c5ae1927adb4ca199d24576d4,bean_french_bean,Angular leaf spot,CC-BY,other
of1-0046,2655c152317c2f5e99e35686f5bb83c8e56c6c9b2165e97a3180adc3d03bb385,bean_french_bean,Leaf lesion syndrome,CC-BY,other
of1-0047,dfdfb21ce19f33a4fca0b4b38cc106b09478ffb91885d2a4423434c40db9cc0e,bean_french_bean,Leaf lesion syndrome,CC-BY,other
of1-0048,3e1e3cded4da815dc4b291634221f829d39ab2c6a33553c3529a3a45c2d98b18,beetroot,Beet rust,Apache-2.0,Kaggle
of1-0049,093671ad69f825cd9b0e2cfc60b0baa7cc53fe82fe678fe8ed7d5f20a9b7d2b5,beetroot,Beet rust,Apache-2.0,Kaggle
of1-0050,d205af19567bcdcdbc0226412cff6cc2a8f91727a27c926ee024b79f248bcc11,betel_leaf,Bacterial leaf spot disease,CC-BY,other
of1-0051,fe2af5d024d50b04af94fd6f7df0865953dcfc9d37bc2587a83144483d9baade,betel_leaf,Bacterial leaf spot disease,CC-BY,other
of1-0052,1dfcdd4fdc846b4fce858e3c05c20f7f00c08152a52ca89bcd0e4417d82a4038,betel_leaf,Fungal brown spot,CC-BY,other
of1-0053,00aa55e26e4a72ef83f34c15c1c1c261b44fc22c889e7f73f1e6e702f7a2c33c,betel_leaf,Fungal brown spot,CC-BY,other
of1-0054,d9e81aba51ca57b2945a37ba6e5ba80cae3928598399f8c9e04279dd8d2e8298,betel_leaf,Leaf rot complex,CC-BY,other
of1-0055,cabd85d5bb094c6fd7ff1574d9178eb06c05c91da72c26e6ff9774b0fe73db60,betel_leaf,Leaf rot complex,CC-BY,other
of1-0056,414c5e3b7eecf8c67fc7fdcd6484e32816197f58ba37a8a0f17834a58f129389,betel_leaf,Leaf spot complex,CC-BY,other
of1-0057,210f5aa730b2d408395ff4af7e649eb8e70fe913214e28ec6be8df751b8504de,betel_leaf,Leaf spot complex,CC-BY,other
of1-0058,0b8ad3794631b4aad773532f1a607c188f1bc16573c9fce4b87d8cbc95231168,bitter_gourd,Leaf spot syndrome,CC-BY,Kaggle
of1-0059,8aad07965cc05fdea1dc8dc43680ff408f6a3708c69a193b746d6ce0a1a87b0b,bitter_gourd,Leaf spot syndrome,CC-BY,Roboflow
of1-0062,3418f80d36621732a4b6129600c5e8e721e3e7b41689103bdce100b5c3a85b6a,blueberry,Blueberry maggot or fruit fly,CC-BY,Bugwood
of1-0063,e9b1ec9f7dd2bf7c614d60b3f2f836738afabeaa3865b5a38e4b44624dd1475a,blueberry,Blueberry maggot or fruit fly,CC-BY,Bugwood
of1-0064,ee08e325b20f38ff1b1c285eac4cc3ceae3ad6e3e194788bdf249271e825b892,blueberry,Botrytis blight and gray mold,CC-BY,Roboflow
of1-0065,88f5814d63f0390b83f0c178efc584ff3763ebb8766d5b9a18c8b5f5e3522f94,blueberry,Botrytis blight and gray mold,CC-BY,Roboflow
of1-0066,bf4d3930f5c3b4470f4fcc86071976d4eb3aeb75456b8725d798a0efd5855d25,blueberry,Brown marmorated stink bug,MIT,Kaggle
of1-0067,f9a71b1fcdeb4fad43a6319f777eccafc4c9a0103ea322acab0ece1282f618d7,blueberry,Brown marmorated stink bug,MIT,Kaggle
of1-0068,17966fcba8506a0544f5f47e74b314aa7fc71294f0258c22804a1abe454696bd,blueberry,Leaf rust,CC-BY,Roboflow
of1-0069,180a26b415329a91a3b8ea53b49ecfe0e4226932167cbdd9dad18e557738bd0a,blueberry,Leaf rust,CC-BY,Roboflow
of1-0070,75444aada8394ff806408c40b49f79dcf395b070e07992538b456fcbe5444ae6,blueberry,Ripe rot or anthracnose,CC-BY,Roboflow
of1-0071,a0849a51e07f0d66451215208687d668971ff98b8b19a6d880ca2548a36023f3,blueberry,Ripe rot or anthracnose,CC-BY,Roboflow
of1-0072,484a4378103a9dfef18cd06ff3096cd46f55fadd948c17a011a4a7fadc10099b,blueberry,White grubs and masked chafer,CC-BY,Kaggle
of1-0073,c5ef5652d608481e5714b589aa2806f59b6f345350bebe019ca32426f0619759,blueberry,White grubs and masked chafer,CC-BY,Kaggle
of1-0074,8434dd1bf2504c48bbf383be0b39de9575275acf692d1536fd6cfca272d522cb,bottle_gourd,Alternaria leaf blight,CC-BY,Kaggle
of1-0075,5bd7c369dbb3bb47ab9742229272fe59b1bff6688f48a1b9e57c8650b36e780e,bottle_gourd,Alternaria leaf blight,CC-BY,Kaggle
of1-0076,63b7e537696e814b4b7b7465cecec51a80146078a0b439f64c55bf5b8e200286,bottle_gourd,Anthracnose,CC-BY,Kaggle
of1-0077,2f972c03d896c5ce810603a010aacca27669c3053437c30eb4b43112d52772df,bottle_gourd,Anthracnose,CC-BY,Kaggle
of1-0078,81d1a667e576fac4ef138b29de00d075a122870eea0d1e152a1ecece94502891,bottle_gourd,Downy Mildew,CC-BY,Kaggle
of1-0079,9167dfb47af54b36f20ba34dd429a2774b5b18f6d9016678a1e6711e16b53bc3,bottle_gourd,Downy Mildew,CC-BY,other
of1-0080,2b63e85c7b055d83a63265ee444e50c3a28ce9dc378024d5bf70eddb7e39e597,bottle_gourd,Leaf spot syndrome,CC-BY,Kaggle
of1-0081,d34dc31674f6386aadd029316ed1035a5717ce74645176bd4a95c380de7fb7b5,bottle_gourd,Leaf spot syndrome,CC-BY,Kaggle
of1-0082,becc81afcc7a7f542b0a2c3b2553244e918bf9ebb6f4682b5bf5a2018f062e8b,bottle_gourd,Leafhopper jassids,CC-BY,Kaggle
of1-0083,d4dbc1bfef8823729b11170a923ef8552fd003dfa0af750b2920b81eba04aa4e,bottle_gourd,Leafhopper jassids,CC-BY,Kaggle
of1-0084,b25ca06053b7542b1d728ecc0fa54720990587a2ac4e2117f3baaf29c68cb8e5,bottle_gourd,Mosaic virus syndrome,CC-BY,Kaggle
of1-0085,9643416912eca76bb7ba6e7e6dce4663a199dc0584e96f389d4be6b01be01291,bottle_gourd,Mosaic virus syndrome,CC-BY,Kaggle
of1-0086,56c9ec74095ee0cbc71f17efb701548482959d6ab7a04d4fd3cf83b0a85fd28f,bottle_gourd,Unspecified mite damage,MIT,Kaggle
of1-0087,f3cd69be9a07a1958cf8d01d5f9a39e4a507dc3c8e8aabac1da15628a6a39f6a,bottle_gourd,Unspecified mite damage,MIT,Kaggle
of1-0088,35cfa5045aa78a651675a1a6b42d7b865a167ccdd517b45728538f48281637e5,brinjal_eggplant,Downy mildew,CC-BY,other
of1-0089,b2088c232c78e268320102b99b003ce9a3745da179c6fc5d76aaa330d69d8f23,brinjal_eggplant,Downy mildew,CC-BY,other
of1-0090,b13bfa7b083039457098ca444d47e3e83d219251869374fac3375da16c74e898,brinjal_eggplant,Eggplant mosaic virus,CC-BY,other
of1-0091,01314df53a15ad73a0c361d9438dec0aeb269662a075ef5bc83286aae7312add,brinjal_eggplant,Eggplant mosaic virus,CC-BY,other
of1-0092,d7a3a7388b8d3318c71efd8d34c7592556862c45b548f75da32fb92aea568d6b,brinjal_eggplant,Epilachna beetle damage,MIT,Kaggle
of1-0093,4ab47813a688ed346aeb6fd256026a3dbb00cf14d845622af6cd1f4c3b838501,brinjal_eggplant,Epilachna beetle damage,MIT,Kaggle
of1-0094,3c83c6a4b2ae0d0d78a1b3f5bcfdfef2adb497a9c7b099bccb5dc49240f793f5,brinjal_eggplant,Septoria leaf spot,CC-BY,other
of1-0095,333c8c2af5ffca77b683fc9f9addf33aa5fc6b8d56c7cb713618b8c134184a89,brinjal_eggplant,Septoria leaf spot,CC-BY,other
of1-0096,4d641aa14d9d074d5115ba800d46d3a5d03c061a17f2ba18516bf2b00aa0b728,brinjal_eggplant,Unspecified mite damage,MIT,Kaggle
of1-0097,944a4a650c02686b2cb7fde40a25b050b5b9184729b23ce7f35238277631b851,brinjal_eggplant,Unspecified mite damage,MIT,Kaggle
of1-0098,71ec49cfec44e41889addbbf87dbab3152ff4e731d4ca327c0e31cb1a027756b,carambola,Unspecified pest damage,CC-BY,other
of1-0099,847a37417fcaa8185955788edd144ec37480d826be8ccc27ef475605a77c5b48,carambola,Unspecified pest damage,CC-BY,other
of1-0100,fd850e22820d14aa8b940904119dea9354a31581e8af3ae42faf20d10e75177c,cardamom,Leaf blight syndrome,CC-BY,Kaggle
of1-0101,ae80b5458109f3baa44a52295f3a827cfa571ea5b0dbf39882962654280ca9bd,cardamom,Leaf blight syndrome,CC-BY,Kaggle
of1-0102,ee867f976b7d1436b63c452887541c0ae026c96fede66c096fe0ea9a7f11d7f3,cardamom,Leaf spot syndrome,CC-BY,Kaggle
of1-0103,2daba58de5b30f700761ffaa4ce44ea8859e7bce416e916293669681d120ed52,cardamom,Leaf spot syndrome,CC-BY,Kaggle
of1-0104,c226743bef5cbf1ebb1e18330f5374e2090f14729146c4f11c18a145afd0d798,cashew,Anthracnose,CC-BY,other
of1-0105,c3c90743584dbe61e2a03cac970b70d0e3691bf53364f6e4e583308c09ad5162,cashew,Anthracnose,CC-BY,other
of1-0106,2ac80284a6d7dbba38f138114df0adff3b52c91459dcef7bc908dd5ba80874c5,cashew,Flower thrips,CC-BY,Roboflow
of1-0107,bb2ff1237b6b5aef864b4309761e71bc4f37fc4afb375096461b2a681d0bf53f,cashew,Flower thrips,CC-BY,Roboflow
of1-0108,e06fbece66011d4036f28a9d2ad3a7e7499616131ecb5389fe09739b7501d4e9,cashew,Leaf miner,CC-BY,other
of1-0109,8273e0cfe7a2405959060db286b4cbda6c12e598706023dca3ce17c5d7c9b660,cashew,Leaf miner,CC-BY,other
of1-0110,9fa756feabb62e94690007b6ec8856c95b1a5159118d69b72c0aaf981aa2c494,castor,Alternaria blight,CC-BY,other
of1-0111,b916d24b407dabec1c79a667fe29137a0a0cc6a44ceefa2f29f65f564562cdcb,castor,Alternaria blight,CC-BY,other
of1-0112,562d635c8ab6e3603f07159659c9551fda7d4c68245332ae4108453b47181b38,castor,Hairy caterpillar damage,CC-BY,other
of1-0113,0f9a46eca8e8d532a154c049c71a37abc5a2d73418e9b1840dc7bd6464df8095,castor,Hairy caterpillar damage,CC-BY,other
of1-0114,66ac84738bcbcc593d4b22a43e76d8a205d915adf3d6e0bdee8c3197aba6b01f,cherry,Brown leaf spot syndrome,CC-BY,other
of1-0115,7a5187ae18e4790df2b057ad435417207eeb9181ed4e13d0b5c1ef7479d9aa79,cherry,Brown leaf spot syndrome,CC-BY,other
of1-0116,73e0c8773baa725cb464d451b56e4be006ae5f58ff6fa42bc3e04edc406a1db2,cherry,Purple leaf spot syndrome,CC-BY,other
of1-0117,43e07425d31002edf6c67542a2694980dbf88ef3863e64f33485902338fc781d,cherry,Purple leaf spot syndrome,CC-BY,other
of1-0118,90da6f3c402588ca65e54cee59d864e802ad8fb2ec620b9dfecc64c22114c40d,citrus,Bacterial brown leaf spot,Apache-2.0,Kaggle
of1-0119,4cbe5a50568ae58a42c44861af1ed8cb9cb732f23c44b07a266d9444e626007a,citrus,Bacterial brown leaf spot,Apache-2.0,Kaggle
of1-0120,ebea1842c0f1702400c7f615cdfee58534d35acdad2ad80394e40675366a6d4b,cocoa,Cocoa swollen shoot virus disease,CC-BY,other
of1-0121,b85cd3f9d6938a2055409276bcdd1281d62ac9b91dd2a0c1d53f4c17950df24a,cocoa,Cocoa swollen shoot virus disease,CC-BY,other
of1-0122,2e6c00ada5ef0697e043aa116d88af299b70a862aed000d0f3812a4ade6be56b,cocoa,Stem borers,CC-BY,Kaggle
of1-0123,2d6435c35d084b64314243e9edabf5a2c5d7a29afc440c9f98d4f7184c2b37cf,cocoa,Stem borers,CC-BY,Kaggle
of1-0124,ebdee77a4de7db38156998fe8e923761faa530d44cd69e21420d8cb85f955be0,cocoa,Vascular streak dieback,CC-BY,Roboflow
of1-0125,3db6c9f735dc251e552e57f2ad0e3a7da4814daf8ee03c6c472dcba65e739932,cocoa,Vascular streak dieback,CC-BY,Roboflow
of1-0126,b95d7ec5e4adab63b49da209cb0b24dc9ab4e67e1f6c7f104755783cbdf4f088,coconut,Basal stem rot,CC0,iNaturalist
of1-0127,7a8222d428c13310da856fd8cdc964c6ff5c92a3906cb693ddc3152a99927597,coconut,Basal stem rot,CC0,iNaturalist
of1-0128,06352217e12a5657a969d7823d09a81366729616a283dd4387706a3f395f881d,coconut,Bud rot,CC-BY,other
of1-0129,e96f7160c903d751817d60c51d12ac377fc20446f150c06d88555c8f997745c9,coconut,Bud rot,CC-BY,other
of1-0130,aa63e056aa15e6f739f0572627461d89f605af6f6e4d00e21ba0c2898a310135,coconut,Coconut eriophyid mite,CC-BY,Roboflow
of1-0131,da99400b522ec13e647c0ef5a0c0ce7e1b3400352f076106ae29f1561e0f1364,coconut,Coconut eriophyid mite,CC-BY,Roboflow
of1-0132,0c48bfe4a20274209925531e6751ba9fbe95a96199df80768baea4557e6f357a,coconut,Leaf rot,CC-BY,other
of1-0133,6eca45cb336b43f7adc3326f99bdae64edfd85a050066ca2edc12bfa87a88b99,coconut,Leaf rot,CC-BY,other
of1-0134,d326796234098352bca3bc14790a1a49d4c6771e2f30aec2ddc2fd83ca1f00ae,coconut,Stem bleeding,CC-BY,other
of1-0135,bdae8cfe563c182bbb09b3e487522f19ba150f49043f79916ebd0f245b3c940a,coconut,Stem bleeding,CC-BY,other
of1-0136,10093cae2174858fc2051f9b5a5451d76b89ed07f67c05de3f2f064545d1b012,coconut,Weligama coconut leaf wilt disease,CC0,Kaggle
of1-0137,819f649a89ce5f919adbe37bab94594768c6b0035dc04f0b984ac2df1f627196,coconut,Weligama coconut leaf wilt disease,CC0,Kaggle
of1-0138,c4c560c44012df95ff76878893f67bb91ffb6bde01abbb6765649e9e9c089baa,coffee,Ojo de Gallo (American leaf spot),CC-BY,other
of1-0139,7423e77cae16d80a24f682b070c4b9fafc5bd5cc8d6dbc56a40dfdbb70b12ede,coffee,Ojo de Gallo (American leaf spot),CC-BY,other
of1-0140,f649bc5e31f2fe41cbb0ffd93809b2da4bc119dc71bc157c0339ffdd7cd10a00,coffee,Phoma leaf spot,CC-BY,Kaggle
of1-0141,ff08e13ebae3ac18f0a4217ee4c7ca9d98324c63c581647c6c76abb3f45d160f,coffee,Phoma leaf spot,CC-BY,Kaggle
of1-0142,be764099e1bd7efeab59e9223ab8ce38348e93f5603dc66d61c4d4a40168faeb,coffee,Twospotted spider mite,CC-BY,other
of1-0143,680aa39e0c11469496c395c1b4efd85083d775cdf2bd49269f9c27d90caf8171,coffee,Twospotted spider mite,CC-BY,other
of1-0144,06f596dd9c69f98ef5b3bf8c5de4e574b968d86033409f35e3df39126472f9dc,cotton,American bollworm,MIT,Kaggle
of1-0145,633fac961b389d967d6be094093df84cab5e780f7cfeceb363292211bcb44e9b,cotton,American bollworm,MIT,Kaggle
of1-0146,b697696ae2337dd4780bbb2fbd70ed33be7f95376ceb11e942a1a941150983cb,cotton,Cotton whitefly,MIT,Kaggle
of1-0147,afb3d6075314fde145dc894fca11ba167d904a9d45f1ea6188903dd829e99999,cotton,Cotton whitefly,MIT,Kaggle
of1-0148,9c64e6769ce575ae92460b32db7351af7217e91bc8e77b9b61cb0531f115223b,cowpea,Bacterial wilt,CC-BY,other
of1-0149,dd18aab77561d141f05ae92b01cf207d416239446205adbebfcc26ac7a52e66d,cowpea,Bacterial wilt,CC-BY,other
of1-0150,7a315338cbac38667c358ed3ea3ce9e93ce90b4f1be08b445cd642d2405b5750,cowpea,Mosaic virus,CC-BY,other
of1-0151,213c71d9b7eedc4eb42d37b128b4b049c0848b6e45930804d1be87045efef88c,cowpea,Mosaic virus,CC-BY,other
of1-0152,8fddafd18d7564e7baf40d185008e9139896021e12b34b471f062332ab01a111,cowpea,Septoria leaf spot,CC-BY,other
of1-0153,423245055b854b22a05012cb77665f6b325b83d6cefbb547bd3ade0801b49697,cowpea,Septoria leaf spot,CC-BY,other
of1-0154,3e12b4bb6143b1ecad3538d11c07fe8df659268eff35023df2b6fe2c29dacd00,custard_apple,Anthracnose,CC-BY,other
of1-0155,bd18dfe015394536b84eb14b9d065e62c12a2576c49a5d1a17b72de22c7f219d,custard_apple,Anthracnose,CC-BY,other
of1-0156,3c1066225c3d24c42937bb0de33fc358ef0a23ce37dd16425d82b6dc2b2fbd8c,custard_apple,Black canker,CC-BY,other
of1-0157,23757a4ae9c025514793187b709f99e911a2403211fe4b497c9fc5f2cfcfb855,custard_apple,Black canker,CC-BY,other
of1-0158,ad1a1168a5f68ad1b60d5700298043a3f1acbbe9e4262396959ad09c7ff66017,custard_apple,Diplodia rot,CC-BY,other
of1-0159,d4151426c6964ca5a4538e257c99d735cce39eb2da27543ffe87da927aa4a2a8,custard_apple,Diplodia rot,CC-BY,other
of1-0160,44f010e5c8b4e5a471f22cd61c6df6f985cb4cf1fcc92596bb2f557d188b31e8,custard_apple,Leaf spot on fruit,CC-BY,other
of1-0161,66b621d89c8d5022d640f0fc18027e63e00f8e01c48995df38581563073751a8,custard_apple,Leaf spot on fruit,CC-BY,other
of1-0162,75905e39587a047a1927bc9e2c8794f0008d30c514093828f8172e7274b2ce97,custard_apple,Leaf spot on leaves,CC-BY,other
of1-0163,3660193a15d5a045f0d3d74ae85aeaf8f05578ceee8167cc78903c4403c128b8,custard_apple,Leaf spot on leaves,CC-BY,other
of1-0164,2c58cdbbe6704af276864a864f2095926d3840639ddec499d7bf6796e3363197,custard_apple,Mealybug,CC-BY,other
of1-0165,46d437b7f03335d590bbc0b6d2e50f6347cae89697c727c38e420c7df2640a87,custard_apple,Mealybug,CC-BY,other
of1-0166,824d9b0e277371137d9c8163a223a7ef557a668f9bd07bec62fc5c9e1d955e52,date_palm,Black scorch,CC-BY,other
of1-0167,fce4b7ea377ce9ad74b59498bbdb695858bda943556d2470bf6b272f9940e194,date_palm,Black scorch,CC-BY,other
of1-0168,6846cb59e7edcc1a3235133d71f9a911684f9139dd6bb66d112a36c093b58caf,date_palm,Dubas bug infestation,CC-BY,other
of1-0169,a9b404f94d3332ebdefa840f898d5a6972442700184672a989f3bfa29b8e3fd1,date_palm,Dubas bug infestation,CC-BY,other
of1-0170,d9f394130dc463dccfacbfc09a5ef5fb95f2a65da55b6a533976170cad4a5ddc,date_palm,Fusarium wilt,CC-BY,other
of1-0171,d2b5c7ab9e26f8f57f635cf5d0032eae99bb549f38136de2d922a043adcef24a,date_palm,Fusarium wilt,CC-BY,other
of1-0172,00e8df18abb058ba38d741087d9a69458178024a8fd4b7af72a998c14a8b12b8,date_palm,Leaf spot complex,CC-BY,other
of1-0173,478fd53cc6b6d533e496792f78903e2cc09aa66cf8a56649b2ee7bd531c4932a,date_palm,Leaf spot complex,CC-BY,other
of1-0174,e269b48d8a34019c7794bd03c7716cbae5e6ebd51c71833e03f45ef616e2a9a4,date_palm,Parlatoria scale,CC-BY,other
of1-0175,b4de35d3f2aebad611bf47429c0772fe292ac64c0aa99b13d29f997b4d064680,date_palm,Parlatoria scale,CC-BY,other
of1-0176,2503bf0bac42dbedf9b0eeb6697ce2eead353fa70283d4ec3b1739330f3caed3,date_palm,Rachis blight,CC-BY,other
of1-0177,c37cbfbec944fe219e9bdf28319055d428987a3a332245ba37e7ca149eaa4bcc,date_palm,Rachis blight,CC-BY,other
of1-0178,6aabe097adf5c180d8a77fad362b81c9ea84e9dbc029b525dcee18deaaf8561a,dragon_fruit,Anthracnose,CC-BY,other
of1-0179,82d82bc904d31f2251de5b4b31dacfcb7ef205ac8679db5f0ab24221b8798af7,dragon_fruit,Anthracnose,CC-BY,Kaggle
of1-0180,2ad7f11c10e9ec0818ae2c04e65eb4328546f4714623f3b5399af14214f75f3c,dragon_fruit,Brown stem spot,CC-BY,other
of1-0181,5fb38de56e15ea1cfd7bd97471070d5582309d2bb5a31f9bce3979b8569782a7,dragon_fruit,Brown stem spot,CC-BY,other
of1-0182,e6aafa20565faa307faa0cce2e7b9271767f3cd111c858bc1737b557a4de081e,dragon_fruit,Cactus virus X disease,CC-BY,Kaggle
of1-0183,3adfe9924ef16c1b488f47bafcd06a19e5d79c86bc7ef25a57b72c114cf15d53,dragon_fruit,Cactus virus X disease,CC-BY,Kaggle
of1-0184,dfabd978fc36cda7d92d3e9cf07bac61cee9dbed37783f1dd655e59965a607d8,dragon_fruit,Gray blight,CC-BY,other
of1-0185,d5ba1475f851e943644933b4e0f204641748da86574886a2369dbb61393787f7,dragon_fruit,Gray blight,CC-BY,other
of1-0186,1b13712bf3c8f03a37ef7c5673a0197ff4e2f2e306b9e490db8881fabfb58e7e,dragon_fruit,Soft rot syndrome,CC-BY,Roboflow
of1-0187,6868d9d2efc0d8d97a917ee41d92c7cc487dfad9711ad75e89dacda3ded41658,dragon_fruit,Soft rot syndrome,CC-BY,other
of1-0188,e9fb659cabcac6c52a719c1ad34612b2ff4d934d16fb0837bec8fccbbbdf8eda,dragon_fruit,Stem canker syndrome,CC-BY,Kaggle
of1-0189,b7178aee987af5740fa30c4b5401fc87d217567a63de7745a76c990d8f7f0774,dragon_fruit,Stem canker syndrome,CC-BY,Kaggle
of1-0190,26db0562849ae8ef1488e0ccd42614371bda9dccd25a49d0f7b8779449b8db77,durian,Algal leaf spot,Apache-2.0,Kaggle
of1-0191,31480aa690f2e9ef84d4de66d1beee68895680100cda2273721150ab458ae825,durian,Algal leaf spot,Apache-2.0,Kaggle
of1-0192,916b9bf49b8c40de064d6b61e7783780409424d87138bc3df1e5d6572b436dd8,durian,Anthracnose,Apache-2.0,Kaggle
of1-0193,fde8764366c89a6594ff759f8642aed654d8ca5b707d6983a83578296fd9e4d2,durian,Anthracnose,CC-BY,other
of1-0194,a3c1a8983ec6f4edba13dfdd9dda3bccc76ff53f396906484130a0df009dd7ff,durian,Durian psyllid,CC-BY,Kaggle
of1-0195,4725d3d925524f87f4eafa625f29e8a14f51819d2e945e3c7bcd3e30c46aa2ae,durian,Durian psyllid,CC-BY,Kaggle
of1-0196,3004e654ea714b8535a3bf31243f8584c30aa7d93da291fe4746b61a18eb59eb,durian,Foliar blight - cause unresolved,Apache-2.0,Kaggle
of1-0197,7c7d230d270d587092a757c767292cdfb5668bc81e40d53be53f8a8c385f62ef,durian,Foliar blight - cause unresolved,Apache-2.0,Kaggle
of1-0198,ca70e747ffc0e7d30698620069bed73ed4c58488f14bb1c304009926e4615d29,durian,Fruit rot - mixed causal complex,CC-BY,other
of1-0199,ba8e317719892b5a4333ad3793d50fd6a262ae996566689be9c436e5a02f5590,durian,Fruit rot - mixed causal complex,CC-BY,other
of1-0200,d9f56ae57efed58b277218a11c2d2b4216b27420224b6cd5f4f0e27422a18bc3,durian,Mealybugs,CC-BY,other
of1-0201,66b763fda15dea215089e70949e851da3f21874578bec0a36b9475e04f674175,durian,Mealybugs,CC-BY,other
of1-0202,f51d2ad516d883eff60172e921daa4fc847bc2b2911513727dc151c91733740c,durian,Phomopsis leaf spot,Apache-2.0,Kaggle
of1-0203,27fdcd5fadfb836c0accd0299dbd62d9f1e70376af695934bd3398ca3430acd2,durian,Phomopsis leaf spot,CC-BY,Kaggle
of1-0204,2640a21623b9ab7a487c9c6bddb02d880e04fa5b6431530c1b0e3adc875a9213,durian,Phytophthora patch canker and root-stem rot,CC-BY,other
of1-0205,c5492d1a8a435f1c17f59a3643672ddb4d70598c1c13e5ad147632a60dac0fea,durian,Phytophthora patch canker and root-stem rot,CC-BY,other
of1-0206,6370c739917f3583042151ff1ef320531e050a7c0d804df21b703ca5c85797c5,durian,Pink disease,CC-BY,other
of1-0207,e4df962d690a0de2da2c7c17ae34bdcca9e603234119e2a6de46db20e69bd144,durian,Pink disease,CC-BY,other
of1-0208,908743895c48d9f421f73da501bbc53d70cb1b33c9da611c03f8601d4853b7d2,durian,Rhizoctonia leaf blight,Apache-2.0,Kaggle
of1-0209,83a1dac91a8fbb4486b3aecde2840882953b919a224a7326a8488e4e4de8b18b,durian,Rhizoctonia leaf blight,Apache-2.0,Kaggle
of1-0210,02799d3ad488815cac76284c3a9ead8600d6a4e0e2402802baed77d56e4b4b67,durian,Sooty mold,CC-BY,other
of1-0211,55ac875f588035351522405f24833ade5ff111fc2f0d29bf46a2a70bbd9ba228,durian,Sooty mold,CC-BY,other
of1-0212,0a22b176b06e882cff33c4c2bcef7dd8693a7a31c1bd74c0f8567086706fa5ff,durian,Stem blight - mixed causal complex,CC-BY,other
of1-0213,b518ba860e97a194deb36e28ba78b3231605656fecbc8a311b4cd02cc06316ba,durian,Stem blight - mixed causal complex,CC-BY,other
of1-0214,2184060d5bd19bbfc3b40766cb0c806a3ee20d16aef4b7f1bfe4d61f9af32b2f,durian,Thrips,CC-BY,other
of1-0215,c6e663fe9b7009900c8944552156c388ae0f4ddb6ce15185e1026a264fc91dac,durian,Thrips,CC-BY,other
of1-0216,b3327431b7eb61c2fa2abdc8653c881d4a80a79a53f2f37890781dd5f20284b6,fig,Brown leaf spot syndrome,CC-BY,other
of1-0217,90a0c2fdbfba270c5904381006b500047c02d9f7a20944c443174dfa0129f4c3,fig,Brown leaf spot syndrome,CC-BY,other
of1-0218,d142b9ca5d05bafff63f4ecb55e483e0653092163668dcfe1bfb72e1e913b9a0,fig,Ficus leaf worm damage,CC-BY,other
of1-0219,e60d1b44234c94840ea0f1815843431c8329bb34be644e8b97a7506f28a21948,fig,Ficus leaf worm damage,CC-BY,other
of1-0220,2edcb94244ba3b7f2a5860dd69dc8ec5d6d17ec42dc8fc4392934dc71366b85d,fig,Fig rust,CC-BY,other
of1-0221,c97e54ab5ff6e9ad31e23a866d62d140c747793df4477b250210e70a03e8fc77,fig,Fig rust,CC-BY,other
of1-0222,653de154bf565a6e7e39995b28531fbe1f8aa63f060b137c25971be53860e8d7,fig,Leaf blight syndrome,CC-BY,other
of1-0223,7ffd2a40b1a9e29f09a74cadf19e4064750640fd7c40430672f76c14c3bb0f19,fig,Leaf blight syndrome,CC-BY,other
of1-0224,3605dde66d99f64112ebed5ece937ee09464c7da53c9d8109869605f92af3e74,ginger,Leaf blight syndrome,CC-BY,Roboflow
of1-0225,3cc1491b98174d66083374eb67da2928a85a9a22cd28798dce3ed2a3e7bff324,ginger,Leaf blight syndrome,CC-BY,Roboflow
of1-0228,fd9e963703775ba6110522b2816a3b1eeb19472ffa1fed54bd59c4e950162136,grapes,Bacterial leaf spot,CC-BY,other
of1-0229,cb3a9cc9583fce5126826c16d8c349fe478e803886be63f4a732e0478cdedb17,grapes,Bacterial leaf spot,CC-BY,other
of1-0230,04460113c9d0dceb2175623d11e652f29df8d211bf5a65206ed97810bc691232,grapes,Brown leaf spot syndrome,CC-BY,other
of1-0231,e96a92539a290d79a97def02ca0d9ff3214e35125ad4bac789ffb37ccd547aa6,grapes,Brown leaf spot syndrome,CC-BY,other
of1-0232,6e5e3b109b34ab1dffb1b1648fe82128f75897d27f2fbaa17313dc8733720400,grapes,Grapevine red blotch disease,Apache-2.0,other
of1-0233,7ead415000621e9fbd00684b0cbf66b73cfbfbd551041eebc1615cabceed278d,grapes,Grapevine red blotch disease,Apache-2.0,other
of1-0234,ba044a18705a68b08e750cccd4bf79d0a06067cf6d9cbf6abb6f1491a503cde2,grapes,Lycorma Delicatula,CC0,Kaggle
of1-0235,ab71636f26cf65f910639152c66c26e3e1d82e504acdeaa3cdb16151af29494d,grapes,Lycorma Delicatula,CC0,Kaggle
of1-0236,9a0039681c58fbde2c12e0ba95ec0a7106082582ee84d4c6afdca17e00c005a3,green_gram_moong,Halo blight,CC-BY,Roboflow
of1-0237,c873dce8f2c3ff2458ec8fe626cfb111f96a6a4ea90c288ecb9c9f34f0434a2a,green_gram_moong,Halo blight,CC-BY,Roboflow
of1-0238,905778eaa2301deaf60af6e13b13df796664c4407ef799fa66584032064fa7de,green_gram_moong,Tan spot,CC-BY,Roboflow
of1-0239,92bf50eb9a4191d94e5ce37b6302293ff2f348161811b97c0af5e53594c706ee,green_gram_moong,Tan spot,CC-BY,Roboflow
of1-0240,61e532b93132ab16e0dbc03f4d6faeb94c149413a1553e27da88f23073d3e09f,green_gram_moong,Tobacco streak virus,CC-BY,Roboflow
of1-0241,0eb95208a72259b10b9f0964e4e8ab46be0413d30b2e89864869c96eac7d1ddb,green_gram_moong,Tobacco streak virus,CC-BY,Roboflow
of1-0242,ba1a7a6efe60e76429b6fa930f1a27fc5f110506e4599f5293e93d9d650c16e0,groundnut_peanut,Groundnut Rosette Disease,CC-BY,other
of1-0243,0ade4eb3e4aaf7567eeab038282a73a823953297294c34d3f26e97caad6c7884,groundnut_peanut,Groundnut Rosette Disease,CC-BY,other
of1-0244,c6c4bdb9de4d0ccf39067a44cb56d6a74b0e11d5445bad644d72b0db1a2dc688,guava,Scab,MIT,Kaggle
of1-0245,cbf407e9859c7c6d9276feab9b58ec776a00396b30037be34fbed1df3a5a2a8b,guava,Scab,MIT,Kaggle
of1-0246,d8f23c5cb21e8cebad08e21c32d9deb1a9984b3e5eeb0d017e429a5c50392a74,guava,Stylar end rot,CC-BY,other
of1-0247,00d40bac7d768596bdac579725dca6dbe8fbc2297601d98acddadfd07cba9175,guava,Stylar end rot,CC-BY,other
of1-0248,b1b5f4fdfa212efd9832f5ec1c9c96dee1820c593196f7c6034ddc799ba9f7c0,hog_plum,Anthracnose,CC-BY,other
of1-0249,9b58d42793881c195a65535f5032dec0a9db242d29ebc8b9437fbe5f13b183c1,hog_plum,Anthracnose,CC0,other
of1-0250,6ddf876762c5f2a5c0b4fdc18d496938cbf8614ac800e4ea457a1eaf3f4269b1,hog_plum,Caterpillar leaf damage complex,CC-BY,other
of1-0251,3f9b220908ed34b999371086f30d7f8b44ffb8fe0d7938058b1db35a16d83d8c,hog_plum,Caterpillar leaf damage complex,CC-BY,other
of1-0252,6fcd1f949ea1911be14ca92c0d00535a0ca83a103fa801d8d1d07e18c7563106,jackfruit,Algal leaf spot,CC-BY,other
of1-0253,c024a2b641ac189d1a7db6fbf3a3e1a3080ddd2ad8bd11c8ce2676e175226c03,jackfruit,Algal leaf spot,CC-BY,other
of1-0254,a8acbbea694ebeb4f15d48e4afd99600cec3c3d59810d3ff5a36f7d76eb7d75b,jackfruit,Anthracnose,CC-BY,other
of1-0255,c23244190c4a7912b29ba99e8b8c37acf612faf682dd708be2fc4f5b59a13321,jackfruit,Anthracnose,CC-BY,other
of1-0256,432248f70936bd5592d85d2e7158b336b6e4f0b36b0d59024407a8be9e76d5dd,jackfruit,Leaf spot syndrome,CC-BY,other
of1-0257,2928fc7f2f2b619fb303a05152524d0ae311f50886ff07a0a2dcaab2248939ae,jackfruit,Leaf spot syndrome,CC-BY,other
of1-0258,08d3134d2b9025e9cea3280c49e5b3ff804a9cb1d03ba2f252e087539e49316a,jackfruit,Phyllosticta leaf spot,CC-BY,other
of1-0259,0eef244f3368a40b5ddb3a37248269566d0d1892cab2266c8f1b50b778b4d62e,jackfruit,Phyllosticta leaf spot,CC-BY,other
of1-0260,d7807b903b87618484a6895050b96984935a6850961145e3d2c5004aa27a1e4d,jackfruit,Sooty mold,CC-BY,other
of1-0261,585693c72af91a82c20e7f12664855f681b89cfb5bfe74502441c6b69c3f1c66,jackfruit,Sooty mold,CC-BY,other
of1-0262,fb4d1defb59546a9bf8c17685d7118588da0166f4d175e19b8e32bad8cf5f33d,java_plum_jamun,Bacterial spot,CC-BY,other
of1-0263,83be63cb397be00d6fd946e70a68e45752b0ac0d468003d98585b9e1aaa513f2,java_plum_jamun,Bacterial spot,CC-BY,other
of1-0264,26fd2dc69cbde7e51f281eac55cee3aa6fc6cfe409d05ac945fa1c964bf637b9,java_plum_jamun,Brown blight,CC-BY,other
of1-0265,42245e6ff07d5b936d0c4d5d5a6aea7e8c823fbafde65113e8d3eb800a969369,java_plum_jamun,Brown blight,CC-BY,other
of1-0266,69061ce40882c70dd463922445bd60d354b2ee536b7b7e9a19aecbb0ceae978b,java_plum_jamun,Powdery mildew,CC-BY,other
of1-0267,e09bde4b110bc571a9d8aebc646efb3aa1911d84846df242983bbe093337b95a,java_plum_jamun,Powdery mildew,CC-BY,other
of1-0268,578005033267cc876e9beb6364afa49f2e47ec0fc9cd99bb4d660b22590e68b4,java_plum_jamun,Sooty mold,CC-BY,other
of1-0269,bcc08527b9e019df80235670d8ee1294cbe67cc9753b4936581f31de4bbadeea,java_plum_jamun,Sooty mold,CC-BY,other
of1-0270,cdabd28f2172f55ec133f7a1971fc24d8a31da444da1fb4957bff8f28d237186,jute,Beet armyworm,CC0,Kaggle
of1-0271,6aeaba7fa49060fca5e9f2e66a7fd89d12c205172d971990a93c06a4aa5de04a,jute,Beet armyworm,CC0,Kaggle
of1-0272,db1e63729d43ed1eff81daf77cfcb4246d4db78cf56bde1766ee6ee11655028f,jute,Black hairy caterpillar,CC0,Kaggle
of1-0273,fc79593553e1366ba2fb106195a6181c4625e9d77589d9c9d62fbc2876e6ca11,jute,Black hairy caterpillar,CC0,Kaggle
of1-0274,0ae4864aff3232435f486a3863b4a8679183c38e4a1b7c268a0eab397e953e6e,jute,Cutworm,CC0,Kaggle
of1-0275,81bf941571f07183d73bc5c7e3151cb1fc32af72e8e8441b2294678abb744412,jute,Cutworm,CC0,Kaggle
of1-0276,8e6c42a662b46263e4b4229fb64259c64521318eca9383f07b48c61e86218e26,jute,Field cricket,CC0,Kaggle
of1-0277,09cd477f0ef9d4e2e981e239b4aa58287cb365591c8e937a998a97fcb490b275,jute,Field cricket,CC0,Kaggle
of1-0278,b9a7a6379253abac43e840296890bb94e51b646697ae841a6d3f4906ff1373f1,jute,Jute aphid,CC0,Kaggle
of1-0279,809d156eccc1576444f06f31ae6d834c0930c7bb203828f27bc353afd08b46ab,jute,Jute aphid,CC0,Kaggle
of1-0280,b02cb168cf4052700e2199ad1547ad4c3fd31992da8a6261dbc446d887e240a9,jute,Jute hairy caterpillar,CC0,Kaggle
of1-0281,e30cfb5c3568495208a71704edcd0a9ace0f62a98c73e7d6c829b11949cbe25c,jute,Jute hairy caterpillar,CC0,Kaggle
of1-0282,4eef78df30752a6aae90eaa877b40bfbca6809c8e4603e08f61511aa6efde2db,jute,Jute red mite,CC0,Kaggle
of1-0283,e6c9d3052b35fa0ba41784a848b5bb5d964c41238067459ff0c75860ed9bf8c3,jute,Jute red mite,CC0,Kaggle
of1-0284,7588b90bc09281a50d8328a3d384b082f5e5f42e254d2963f3a7e7692655c236,jute,Jute semilooper,CC0,Kaggle
of1-0285,233ac148ba87a277c2ca6512ee63457f059be7e0bd9887ff7af6076fb66abb33,jute,Jute semilooper,CC0,Kaggle
of1-0286,7f7c98d72d3d4d3bd2e419449922503d4f5365cfa875806970631b1d0209fca6,jute,Jute stem girdler,CC0,Kaggle
of1-0287,65fd381e882998eb6b475d066b0d4ab6b4dca4a55db34aa22fb5141cedeaf39f,jute,Jute stem girdler,CC0,Kaggle
of1-0288,400345363d75905752e81b4de4505cc4479d1a0ae63976b80633e03d675605cc,jute,Jute stem weevil,CC0,Kaggle
of1-0289,ad7d02c91740338cf9391599ced577ae7ac6e68c02085cf684701ae7ee1c3202,jute,Jute stem weevil,CC0,Kaggle
of1-0290,4aaf64502892520fedd212055d9ce80ec9e845e95dbbe39f8aea564a85615932,jute,Leaf beetle,CC0,Kaggle
of1-0291,c6fb0afed20507f7bdcdd5c587a8c944a102ab8faa7308c8489282e6a16a30aa,jute,Leaf beetle,CC0,Kaggle
of1-0292,29cebea96ce441a7b1bf148a3edd31b27db6aaa46b7d5511734e09805fa9ed2d,jute,Mealybug,CC0,Kaggle
of1-0293,4c6430ac86299af7a845935e183be950f76ac57d1bbe921bc353a747758b52c3,jute,Mealybug,CC0,Kaggle
of1-0294,79ba5410be74b8ffa57a83bf798b8aa0605395ccca93ad2ab5321012ea98bd3c,jute,Pod borer,CC0,Kaggle
of1-0295,c6c128bffb3566e4e1b3a1f94419314b8b03827a9416486236479b10bc904b64,jute,Pod borer,CC0,Kaggle
of1-0296,2b903aa5706e45f41fb76a4a1589186f393faac3dfc047f3e41017fb3f6afed2,jute,Scopula emissaria,CC0,Kaggle
of1-0297,9ed85a18251fe2bd1f9185de05dfa909b80c4b845bcb09b4e8d9b0a490a5c186,jute,Scopula emissaria,CC0,Kaggle
of1-0298,6e2a4630614d7e8eba31ac10c7061818c11535f2259b3189be39818ab523bf6a,jute,Termites,CC0,Kaggle
of1-0299,d808b9bf095b914932340a1ed734580d0fa046b47d555dfa603e06d1e493198e,jute,Termites,CC0,Kaggle
of1-0300,486973c9819b8d2cc5d1daa23af3023d029539cccbb095e1c90a17d16315c3c2,jute,Yellow mite,CC0,Kaggle
of1-0301,5a3c285f89ee1af54815412f1ca34ee1c3332bc234fc4c09664706f28b781919,jute,Yellow mite,CC0,Kaggle
of1-0302,d4c4f5d32606b7fb5b5b3276444f951c99f09c9d60eaef466b96debee54916c5,litchi_lychee,Black spot syndrome,CC-BY,other
of1-0303,1cbdcb3e2e0eae7db865f6b3a6fb0ab91f2baa53246957c066ebd838a4953d55,litchi_lychee,Black spot syndrome,CC-BY,other
of1-0304,625664aa5625c8372348654b7d42ea10188d2dcda27603e1dae9baec9b308530,litchi_lychee,Leaf blight complex,CC-BY,other
of1-0305,dd3051835908f80b1c6ece1159c809fafa4901c710f10095c5876016596546c6,litchi_lychee,Leaf blight complex,CC0,other
of1-0306,f50e2d239f336d6cc1bc88173b81c23cdefdba3d14373b0dacf47982f27e8d30,litchi_lychee,Red rust and algal leaf spot syndrome,CC-BY,other
of1-0307,e1adc918cfb90784a7ffa46652a970a1cc31cd05936099cfd377bd77eb0b5574,litchi_lychee,Red rust and algal leaf spot syndrome,CC-BY,other
of1-0308,9c12fda3084c34832a812380fa317c26b660bd484fbcf2f460d1b6aee3f51db4,litchi_lychee,Unspecified chewing insect damage,CC-BY,other
of1-0309,1d4a53ffb76beb366a7b94033eae4d470c6e7e4ab9e4d50bc178e4507778288a,litchi_lychee,Unspecified chewing insect damage,CC-BY,other
of1-0310,7e2d431dbdd77fcb1315f1927d9c3ff7e34271b14d0ed68fc51e49f68ba67204,litchi_lychee,Unspecified pest-associated leaf damage,CC-BY,other
of1-0311,77e2fb8e19a281b78febe476205dddcc9d49b0d1d0c44d3829112c218cf4fc1e,litchi_lychee,Unspecified pest-associated leaf damage,CC-BY,other
of1-0312,0eec410abe1b8a1a95f392df396291eb464ba232b49f29151c3c3c5cc4922145,litchi_lychee,White spot syndrome,CC-BY,other
of1-0313,1f1c7d1661a5a443be4138e986241d15b77c934affdfb367dfa499c5b2c8cb71,litchi_lychee,White spot syndrome,CC-BY,other
of1-0314,f0a52a7584d5f63f6cf3c45d36cece9480f4efcc2f1c5b569ee2bae2af6afd7b,loquat,Leaf spot syndrome,CC-BY,other
of1-0315,a2d8f3983e61ceb8d71f2c7baf1c364a857d41034083dd5c39edf6592b119431,loquat,Leaf spot syndrome,CC-BY,other
of1-0316,6dc1b3f47e243504e64474dc640c5c86af310a90b3f18ffe068312926510c092,maize,Chlorotic leaf spot syndrome,CC-BY,Roboflow
of1-0317,deb857eabb49716743c69084fcfa66a768701a8ce21c72b3b7b884f2909b9215,maize,Chlorotic leaf spot syndrome,CC-BY,Roboflow
of1-0320,94d4cad1f3f750a787a0ced2c8b0852b9a094fdc6071bc62b255e5373a80b77d,maize,Leaf blight syndrome,CC-BY,Roboflow
of1-0321,5708b3161a46c262b56dc997529cec60a732716cf2929cbcd999101b9963b6aa,maize,Leaf blight syndrome,CC-BY,Roboflow
of1-0322,0949c6d4081af552c857119fbd2de8b5bf2c6d7533aa4fc03486d4a99af34337,maize,Leaf streak syndrome,CC-BY,Roboflow
of1-0323,b358ea8e7eb98e3ff009241630893225c4738dcfcef7321edc54257d4be1a725,maize,Leaf streak syndrome,CC-BY,Roboflow
of1-0324,010b5504a4ec44b18f12335b28c21d03f5cf41c4945b4b5ea8b084e833d462ee,maize,Maize leaf beetle,CC0,Kaggle
of1-0325,69eb250eff9efc91cce013ba23f5cf840022c4ea537f1d1ff3b499593299c2da,maize,Maize leaf beetle,CC0,Kaggle
of1-0326,633d7ff2b71d5bd8642c2f6166b23575d856eebd07028b27469f17b23bf46594,maize,Maize stripe disease syndrome,CC-BY,other
of1-0327,a3a1102f33bf44d8252ed34c4b08eff25173c46d1a3d182490afc09d83962492,maize,Maize stripe disease syndrome,CC-BY,other
of1-0328,d5d6c24d27fc3fdc2b4590939f26645dd861e0fc5d8bfea2046802e6a04b9cc3,maize,Rust leaf syndrome,CC-BY,Roboflow
of1-0329,bf45e7779a0b48a06d3ac1e73d9a42b1c813d6193833ee87deca7e6ce440fdc8,maize,Rust leaf syndrome,CC-BY,Roboflow
of1-0330,cfd6d9fe4d67b9b6a9c2a36f962b879b82d897ac3b6c8bc571fcc43a7278707b,maize,Yellow leaf spot syndrome,CC-BY,Roboflow
of1-0331,89071a2ca48286e2d989093a461e1a764472c68212bd9a28926dc0c526ffb4bc,maize,Yellow leaf spot syndrome,CC-BY,Roboflow
of1-0332,3261b926a8dd9bbe2ce2b67a73456c72a9402d4159278dd522527126f5709272,malabar_spinach,Anthracnose,CC-BY,other
of1-0333,1f94974008578fa320b95eed37f5b0d53a2c998d0e3fd47f3b5a7a804643242a,malabar_spinach,Anthracnose,CC-BY,other
of1-0334,341cd06ba7494eab91ca998aa82e2bfdd0fcf78669629c7b146ebcc91d2baa00,malabar_spinach,Bacterial spot,CC-BY,other
of1-0335,93864c58916d8f5a4cc8d1927ef18786d6c4e1a788b4187793541b16e7392141,malabar_spinach,Bacterial spot,CC-BY,other
of1-0336,ec082ed899c0b0cc51e2d77df7a9a09f5981cca0ef49882329336efda1945587,malabar_spinach,Downy mildew,CC-BY,other
of1-0337,851d66b4b13f6338ddec9f147dae41f16c5bd730ef37c49231f3deabb477c5ce,malabar_spinach,Downy mildew,CC-BY,other
of1-0338,cf841f287455f2152011ef4d86335a05ad4f2f4cd428497b3a47f1eaf945342c,malabar_spinach,Unspecified pest damage,CC-BY,other
of1-0339,34802651d44ed8729e5926b9aedb6f5492ff5d694f62cbe588e7b951f85c1765,malabar_spinach,Unspecified pest damage,CC-BY,other
of1-0340,bcd4261d2adb33ddabfa57feaaafce5c81717e36896a0df437a752063cb5e45c,money_plant,Bacterial wilt disease,CC-BY,other
of1-0341,8e38215e0d8f5804fc2f8e95c3a9ba5f66e4a13623a093b2cf0bbb5d2b0148e9,money_plant,Bacterial wilt disease,CC-BY,other
of1-0342,c470aa234c9aa19549f3e380081dd8f8717b4084349e868bcbb97cd95c89a8ef,mulberry,Leaf rust,CC0,Kaggle
of1-0343,824d8880f915b9a8dfd37abc9acc2f46fe1e064f9a0ad577a0f7cc5afb771e35,mulberry,Leaf rust,CC0,Kaggle
of1-0344,94f71fef3d35b9d38cfa8766ade17052429dc8847d6869f5a3cf4ed0dced6c79,mulberry,Leaf spot complex,CC0,Kaggle
of1-0345,bf00157b008de5d70f350760b60dad543414f705c3945bb860050330a75a56fd,mulberry,Leaf spot complex,CC0,Kaggle
of1-0346,b89a3b21c885a67f8ea45adf7772d79b740c909abd58607e823e7f5206a32a47,neem,Powdery mildew,CC-BY,other
of1-0347,b204e95a8680be7abfabac933f6119a50cb9efbd942891b9ff0b1136576f902e,neem,Powdery mildew,CC-BY,other
of1-0348,9165cdffa08c5fbf1faba90ab9f32cee31ca634eb8ffbb31b90026755ec66d40,oil_palm,Basal stem rot,CC-BY,other
of1-0349,ce6a11476d4c1ef760e69cdb2f81e43a01c77b1bff8c6458d37416732fbbbbd5,oil_palm,Basal stem rot,CC-BY,other
of1-0350,6c4f48ac90d8d2c70b54aa81d6d14e4f2aca212df38c8bbf68f9b9d4e3695258,oil_palm,Nettle caterpillar,CC-BY,Kaggle
of1-0351,8e31d5a1ecbf91a10e46e2d0c5b1f4028e93ca7b5f67b36e06e21859e626425b,oil_palm,Nettle caterpillar,CC-BY,Kaggle
of1-0352,2439f214e4d03da476e34545cc2c15d00aa7ea61bbfb65b1aed8b9067d37345c,okra,Downy mildew,CC-BY,Roboflow
of1-0353,44341599ad3bb65a2abaf4c2f6e314124d699c88baa9076d92c9d9c5e97723af,okra,Downy mildew,CC-BY,Roboflow
of1-0354,990b39bb3d4df3167d0a2b4df97f335dbdc12a791d4579b08e0fd39df94857a0,okra,Leaf curl virus disease,CC-BY,other
of1-0355,d8b34d0b21484f5b8bbd72daec7816cf3846d9a3aaba43ee3739db7493a90912,okra,Leaf curl virus disease,CC-BY,other
of1-0356,2df995b1a6b4fec3eee15c44d9b44db35e0b9853405bdad9e791adb622c1ba53,okra,Phyllosticta leaf spot,CC-BY,other
of1-0357,37b2bbf268efae44a02a837971b80a0068c749b4373deb3a8402fd2b94682a0f,okra,Phyllosticta leaf spot,CC-BY,other
of1-0358,799405645ed5dd1518d9a8d165e79bc01d64b6d6fd460be2589607ae91a48ac6,olive,Aculus olearius mite,CC0,Kaggle
of1-0359,9eb09a36f6e321a47b234e66a3e46c8a87e76372d5e233fd7529231d447f469d,olive,Aculus olearius mite,CC0,Kaggle
of1-0360,f6dd9336134eb4efc2041d096900f6c1c8a9ca8e81f01c06653a2dfcb653b4d3,onion,Alternaria Leaf Blight,CC0,Kaggle
of1-0361,2abd5d40199f6092ce405042ce2c1b22dc119c4587dc5ee4f96415dff399f459,onion,Alternaria Leaf Blight,CC0,Kaggle
of1-0362,82a7952f1625e8acd9fad7ad4bec65c3ea96ef4f91ddcb549f340715a8767e6a,onion,Xanthomonas leaf blight,CC-BY,Roboflow
of1-0363,0b54d1749a93779044c96982f67db8773fbf3aecb0241e586fca71e6df028e4a,onion,Xanthomonas leaf blight,CC-BY,Roboflow
of1-0364,688bef69bc5c41d27f3f09911ed9103ac565a6cc12fb5ca454caab99a5be0830,papaya,Bacterial spot,CC-BY,other
of1-0365,48f3f3c6f619d7bf6f2f0a2b957db5efaa26a4185e8966bac6708f1cd22ee7ea,papaya,Bacterial spot,CC-BY,Roboflow
of1-0366,abdf0c1dc36b195c12c807b0f971d556e0383e14eb14ac02bd616112a15b6e48,papaya,Phytophthora Fruit Rot,CC-BY,other
of1-0367,c0257b2df089926d6603c28b7f8ae5cbdef84aeef55c21f7e2519aab62d70a74,papaya,Phytophthora Fruit Rot,CC-BY,other
of1-0368,1b1eb2979200b05fc49ea86a1abcac4f663a49792098aac53e9a6d559996f9e9,pea,Pea Leaf Roll Virus,CC-BY,other
of1-0369,973051bb8b6f5d3ea5c47d777bb2c7121eacd23fb29c40b56593f13eb1f80f25,pea,Pea Leaf Roll Virus,CC-BY,other
of1-0370,4fd0420bd61d7886817bc30a4d3a2585f43e53f16847cb08d109a844f15e54f4,pear,Black leaf spot syndrome,CC-BY,other
of1-0371,4e85e920365ff5050ca67851dcecc92a88224319a9b59256473eb74be5902130,pear,Black leaf spot syndrome,CC-BY,other
of1-0372,34e09f5d92b34a99c8dee22c1f5294c003354ba6cc154efa8a6e977ffa3e1d9b,persimmon,Brown leaf spot syndrome,CC-BY,other
of1-0373,d0e264161ee0bb45880d01807b2ef4a22a737d6af6eb65d27b76c26ddb890bc5,persimmon,Brown leaf spot syndrome,CC-BY,other
of1-0374,be5f9086ab0cc0d9676ce761e8aca610a1e77c834a900dbf0213005e2bf28e9e,pomegranate,Carob Moth,CC-BY,other
of1-0375,b9e48926eb3f293708eb1ec885de4af510e90e2c1182fd05af31b90d0ca05ab7,pomegranate,Carob Moth,CC-BY,other
of1-0376,e4a95cc33ac12d0ec7f6adf8e1c2841a17de59c50cd3a57f66561470a0ef06eb,potato,Brown rot,CC-BY,Kaggle
of1-0377,fefbfde4fc334af42557073b4e3499603561ca151f7c1f401b18aa8742e7d395,potato,Brown rot,CC-BY,Kaggle
of1-0378,02fa9bf2eb6fa1fd8b0a606d27a7b6745b593431202b537451f5fcf577e8e912,potato,Pink rot,CC-BY,Roboflow
of1-0379,051437e9e241f7bc4749d7ad78d9f15f001644bb8a81a5bd80ac569e3558e0cd,potato,Pink rot,CC0,Roboflow
of1-0380,d67b820d53f8c637c265127e7649362c343b58f6d03802604d4fb2b9c4a38f94,potato,Potato leaf roll virus,CC-BY,other
of1-0381,0743f1b4efd6364956a940d9f9deb0770e1e30bfcc9e2211eae57c1e8eb4c514,potato,Potato leaf roll virus,CC-BY,other
of1-0382,1fac2cd4fb2a6098a8820662ef305471cb920526594e319c0a7241372762dbf0,potato,Potato virus X,CC-BY,other
of1-0383,7e7ea7b38eef2aab31b6f7c7b34dc0bde477432443e738ffd9b2198aae2065d9,potato,Potato virus X,CC-BY,other
of1-0384,444455d231a775903758f75c9554f8757c2b742ab0e2e64cd875a818dc3c5671,radish,Black leaf spot,CC-BY,other
of1-0385,694ea8030eced2e7f6b90a5cb10b0384ec4fefeef3a8022be3797210f75bb419,radish,Black leaf spot,CC-BY,other
of1-0386,9cbb69f3618db42dfd49255d428b8e110d23cdb96e5e836b39461b720c5356c3,radish,Downy mildew,CC-BY,other
of1-0387,27bac0ff6e130121a5add503aa1d091dc29de9838fbd6ecaaeda9c20f4cd4f41,radish,Downy mildew,CC-BY,other
of1-0388,2f368fb1a93a229ebe23c7c4d308d18e3c627ddd49b79b6ad1736128bdd2f0f1,radish,Flea beetles,CC-BY,other
of1-0389,2b72044b59ebe5b73c77ca68514c434c7d6d4da276936098c71e860264161a15,radish,Flea beetles,CC-BY,other
of1-0390,7ac4130d7378a0a49f306789a4f90b02391e04a0118417c6a58aa06ff568bab8,radish,Mosaic virus disease,CC-BY,other
of1-0391,5671755c16c58774ba83a34a098ad190b9c5d9fa2065d9e566dc19c1c3cd0cbe,radish,Mosaic virus disease,CC-BY,other
of1-0392,9689bdd5eeefbb637733c9458f1e7f83a3d19f92f836ea78155ea44fe9f2de95,raspberry,Botrytis fruit rot or gray mold,CC-BY,Roboflow
of1-0393,3fe65ae443bb86d9c7275b9b053812efcb9d3f3b7c83b6adb381b928f6523e13,raspberry,Botrytis fruit rot or gray mold,CC-BY,Roboflow
of1-0394,d303a5987ceafbe24d1d53272bb182a79fcd8af93fdd72af3abdb85c74c2b96b,raspberry,Brown marmorated stink bug,MIT,Kaggle
of1-0395,bcb91527e3d16f58118861a7274f3d29c6ca963c2c842586f0ca43ab89382416,raspberry,Brown marmorated stink bug,MIT,Kaggle
of1-0396,fa2606de6f32d10845637b907b4407113298ce650867f25a73a894e46dd03e8f,raspberry,Leafhoppers,CC-BY,Kaggle
of1-0397,4d651e1e6d04d17ed2732b1c242271c991a8a34ec87327b6996f5918853663bd,raspberry,Leafhoppers,CC-BY,Kaggle
of1-0398,5c36db32fbc5f1fcf6de618ac537204b6c2640e00e07fbc21b9dd80868ce875a,raspberry,Phytophthora root and crown rot,CC-BY,other
of1-0399,ba48443ae064ae7907174b65d2572067974759ec75dcff83b24e35056dba182f,raspberry,Phytophthora root and crown rot,CC-BY,other
of1-0402,b30995707f8c2e39e544bb30f0980f06574634693c959657a35386bb63869257,raspberry,Thrips,CC-BY,Kaggle
of1-0403,bc0b3e35b5845a2c0cf1faa0f132109b332a8147e8ce9fec11092aa098890e8f,raspberry,Thrips,CC-BY,Kaggle
of1-0404,901b6bb75ffda30c0a647410e6a1fa3f3129ca83954a8a971e07d2c0f85e9955,raspberry,Yellow rust,CC-BY,Roboflow
of1-0405,9a463257938b80173370b77910172e9bc6a2d9f7c047ac59f5b6868c23b05765,raspberry,Yellow rust,CC-BY,Roboflow
of1-0408,14f48ccd4dbbbed8b23e6802b851341eb94b1499b7c5181762d71f2f7a99a154,rice_paddy,Leaf smut,CC0,Kaggle
of1-0409,21018d64f9403291c5cb859390e65746fbee030444d3fde990fee188197798f7,rice_paddy,Leaf smut,CC0,Kaggle
of1-0410,3237ed5146f0457a5ddae8a561a3f4a226b364b189b9f5b5c25d2708b8bf1340,ridge_gourd,Anthracnose,CC-BY,other
of1-0411,c9ced5867ba84ef225eeaf5949bc907da2bf38847b3dc3c1148fc6c2d28bd1c6,ridge_gourd,Anthracnose,CC-BY,other
of1-0412,915f39dc28853302b58bc8c58e6862f22fef36d75c407107615d4dc3eff0f905,ridge_gourd,Downy Mildew,CC-BY,other
of1-0413,174ba850124a96e1cef551315f9ba2b1d455dcb9b3350c6bccd50a408560f17d,ridge_gourd,Downy Mildew,CC-BY,other
of1-0414,05caa7119fbccc82b2f44d351a00c0d56e5e8745f13003fc8a6a8c401b61b3a0,ridge_gourd,Insect egg mass on leaf,CC-BY,Kaggle
of1-0415,4d31dd023b496981005d4b36baa283d6d43c3fb13402fc12c73c51a79fba1693,ridge_gourd,Insect egg mass on leaf,CC-BY,Kaggle
of1-0416,821307ab3cbc53f67c32fea48505e1401fe7ad40fb7aa48cc1db4b1a536c72c5,ridge_gourd,Mosaic virus syndrome,CC-BY,other
of1-0417,d32072add91aa304a4b2a2665574ce83a2524de3d08964dcf733162d4e428fdf,ridge_gourd,Mosaic virus syndrome,CC-BY,other
of1-0418,b7211d298a63ce7b5414d56419988b1fc52ac1a0122571a7fd502cf1e5716bdf,ridge_gourd,Pumpkin caterpillar damage,CC-BY,Kaggle
of1-0419,6e9e15e71de09f4fe8af8f27031c011a3d3a628d5a0aae7124f23efeab8a88d1,ridge_gourd,Pumpkin caterpillar damage,CC-BY,Kaggle
of1-0420,af69efe2d2fbbcad06ae21fabd9314c4396b2400facaa87663ce7bc9c5bca601,ridge_gourd,Pumpkin leaf-eating insect damage,CC-BY,Kaggle
of1-0421,efd16a101b17b09277c6e565a2d05a66d2ef67a65031b341c9dfa7afa1d86b17,ridge_gourd,Pumpkin leaf-eating insect damage,CC-BY,Kaggle
of1-0422,452ceb9e331986a1b336cd6afa7072a36f1ee162bf2868b3472d3c2d24c88bb8,ridge_gourd,Unspecified mite damage,MIT,Kaggle
of1-0423,2e0fa449cc5e010f0fb67b5201491ebba35e7cde646c00a9b042b3112a40a7b8,ridge_gourd,Unspecified mite damage,MIT,Kaggle
of1-0424,6b30a2e3b08b8d9d079dc6e9761edacc9da514775ccf9c7d9a48a70b5620d8fb,rubber,Anthracnose,CC-BY,Kaggle
of1-0425,719ae65e843fdba61e536b7239c74a0f5ca364e4f72a884ab5693c5b258f62c7,rubber,Anthracnose,CC-BY,other
of1-0426,312ae1b25e0e887f1b7598f286196926345db91b4dd1ebf2180acc2bedc20c14,rubber,Corynespora leaf fall disease,CC-BY,Kaggle
of1-0427,a18bab42719be18a5a9961c459f8b1932fa5967e55c601c2c47e2b298681b8c8,rubber,Corynespora leaf fall disease,CC-BY,Kaggle
of1-0428,a8d326a0f85b52279a00bce61b32b22b80e3753e26cb375f12a632dffc9bdf82,rubber,Leaf blight syndrome,CC-BY,Kaggle
of1-0429,1b480b74bab53cf59ea97b9f636a75171718d0d78dbe73da7f7242c8759ce68a,rubber,Leaf blight syndrome,CC-BY,Kaggle
of1-0430,1e63c6acf9ff1a86ca42b78895512e464510b29e19b29dad585966c1bf5e8578,rubber,Leaf spot syndrome,CC-BY,other
of1-0431,2a51864e94f77df4ee63e4107eb7b7c0bce68736c96f2ee83e786bd3fbcd6772,rubber,Leaf spot syndrome,CC-BY,other
of1-0432,bcce614c3b59bc66beacd7a9d18ed37be35c479da9d3d3c8641d709345917074,rubber,Powdery mildew,CC-BY,Roboflow
of1-0433,111c13ee38e632e023ae644d0cb296c3f62621b353454fa89a157647b4d56d23,rubber,Powdery mildew,CC-BY,Roboflow
of1-0434,a8d6fe1bc684b80ddd3f39377e1f193ebf3a22b6aee0014ba6221848d068c818,rye,Brown rust,CC-BY,other
of1-0435,a0604269b18155cc92fbe8d36087443fbecfcb6922fe856532efceb3e536b478,rye,Brown rust,CC-BY,other
of1-0436,513a7f5d35953dee257e6970e9c22dc9d47528f1d392b13067e6dd3d00bf47e2,snake_gourd,Anthracnose,CC-BY,other
of1-0437,44bdf19189a4c6b2c385ac2141e72a369a25d60a727baf28fa2898bd73a982be,snake_gourd,Anthracnose,CC-BY,other
of1-0438,b67c8caa2172e8afab87061bd6dbc0b4a86825f92ad1bec784b11965a6cc0dd6,snake_gourd,Leaf spot syndrome,CC-BY,Kaggle
of1-0439,81059ecd9ca3aba2566a0bdcf740dd4000cdc5d7538d34ec2f7cf3b672db9347,snake_gourd,Leaf spot syndrome,CC-BY,Kaggle
of1-0440,e1478cc6a8607c4a80716331de98690a65bab079b330eabd1556b2291b67babc,sorghum_jowar,Grain Mold,CC-BY,other
of1-0441,107f80f8fdf93da29cb2beeaf2610596e454665c71b78efea87bda990d094abd,sorghum_jowar,Grain Mold,CC-BY,other
of1-0442,105b07973eaff0398ca1a977e78f76285b76598b2ce2740fb8d0a6cf0333e3c9,sorghum_jowar,Loose Smut,CC-BY,other
of1-0443,5494e10390462d59a3273e38a2e473c8ed67da888a05f47baecdae083309b838,sorghum_jowar,Loose Smut,CC-BY,other
of1-0444,07c9dff4f8bf0b16ed61bface2e3833bea1acbb00933dbb4022b57135337bcf3,soybean,Cercospora leaf blight,CC0,other
of1-0445,f11407a8d483aa16a184ac699115fefe1de04cb62759d7386bb3b538d25ab228,soybean,Cercospora leaf blight,CC0,other
of1-0446,396539cd0ea9d9eb02735319ab6f8fd6600abf0e160b730768a720f6b03fff66,sponge_gourd,Alternaria leaf disease,CC-BY,other
of1-0447,1f4551dc7885a60489393ec02b2f90bc8f0c8edd3f81476bff50ff1b0b680e46,sponge_gourd,Alternaria leaf disease,CC-BY,other
of1-0448,1e61f6d84c5dbcc590b54144df0a5fad0b21a5656fb9e9cce00b314bef3d9ab9,sponge_gourd,Angular leaf spot disease,CC-BY,other
of1-0449,f0bd9ba499f721f7949439a34bd72a005e026f492309904193a535f5b82c8bf8,sponge_gourd,Angular leaf spot disease,CC-BY,other
of1-0450,04d93925d817fb390c6c02066ee3ea14c79061c243ffd6d513ed0b9370c78dcb,sponge_gourd,Anthracnose,CC-BY,other
of1-0451,3359d12f7937a01bf3d2892e881bf3cb72606033c20464361a28f9acb9120273,sponge_gourd,Anthracnose,CC-BY,other
of1-0452,b3f2ed12b6e153251a2181506a69bf5e7245615fa391b4a957fa8e14ff16faaa,sponge_gourd,Bacterial leaf spot,CC-BY,other
of1-0453,0f14d23b7c8bcd3c0769fcc8aad837da3283be344d4375b1f885e5f4ffdaa8a0,sponge_gourd,Bacterial leaf spot,CC-BY,other
of1-0454,47ed1ede48f61bc4f47d16fd8794591cf4f7458260f7c8ca13421032df3836ee,sponge_gourd,Downy Mildew,CC-BY,other
of1-0455,c7be5ecb2c211cc9ba08e1d14b8258d4d4cde3849242f6f1cd6d9a83e4c95592,sponge_gourd,Downy Mildew,CC-BY,other
of1-0456,8c3dbea3fdb14513b882f88d22702491f8645555671593e56ab10acc0fba1355,sponge_gourd,Mosaic virus syndrome,CC-BY,other
of1-0457,938f4f0bc813172be43045f7c121df83e13c8e06a815da2acfab9bc402832b0d,sponge_gourd,Mosaic virus syndrome,CC-BY,other
of1-0458,54a675a23a6571cb1a66b7279525dc7afe8169deb3335a2ff07744fcc3d9677d,squash,Alternaria leaf blight,CC0,Kaggle
of1-0459,ce6087599f3e8d1d364e7719910168732ef47d023dbbcd10724af0ce5546b179,squash,Alternaria leaf blight,CC0,Kaggle
of1-0460,c86b909ba98778a0e2896fb3d2f310d2e25356ac32eef4efeacedb212e47d35e,squash,Bacterial leaf spot,CC-BY,Kaggle
of1-0461,46055f9d992a431c6566b954a11c090be67a845c57948741a7c16a42e7d42a05,squash,Bacterial leaf spot,CC0,Kaggle
of1-0462,370ef98814919b6de21739c086f5158df052a7ab0030ee7e301f6db61abac3d9,squash,Bacterial wilt,CC-BY,Kaggle
of1-0463,dff102e248c213807b15fcbf0c15d724b320278629fcb899248d13a8b20023d0,squash,Bacterial wilt,CC0,Kaggle
of1-0464,a7ff020fbfece0671aa112bde870948706ec906182459f457ad0989536ac89b1,squash,Cucumber beetles,CC0,Kaggle
of1-0465,84469d72c98516697644eaa2cee773f85938cf980241cecaa32f265937ebba9d,squash,Cucumber beetles,CC0,Kaggle
of1-0466,db177ad9418cc592c8b723e0825239de3ce5f0fd7eb6b3bf8f039ab242028f7c,squash,Cutworms and armyworms,CC-BY,Kaggle
of1-0467,277d878446a838130a765ea5a75d793ffee886728380f06dfb1a6d442eb699a8,squash,Cutworms and armyworms,CC-BY,Kaggle
of1-0468,130d1c09903f6f7dc62531eac7d139c046e89a2c6a6f26e72981349313c4a425,squash,Greenhouse and silverleaf whiteflies,MIT,Kaggle
of1-0469,03ad1f5e1717fb6c18318f6fdfe56b5b445e6bcc969767c1b4e6335d1df59ab5,squash,Greenhouse and silverleaf whiteflies,MIT,Kaggle
of1-0470,30477b93ac2185bb2f51c43f6b80ee6affab95e445b743b8ad792c3ec7075446,squash,Gummy stem blight and black rot,CC0,Kaggle
of1-0471,84c09a8d483556a817637c43951fbc99810e8c85f95d2b9b78a242f3c31960aa,squash,Gummy stem blight and black rot,CC0,Kaggle
of1-0472,abbc973fd95a6063c07a798fd629dde3a2670637005bfd391041b0066c07f52f,squash,Orange pumpkin beetle,MIT,Kaggle
of1-0473,fc807d12f06bf4070784091c4df6f546efd024177ba128342ae14fc9f8b05c96,squash,Orange pumpkin beetle,MIT,Kaggle
of1-0474,31b92277c7b6d26452633a1c0920d196846b2810ed92b7fbad7a571d062a9d29,squash,Phytophthora blight and crown rot,CC0,Kaggle
of1-0475,0d59fa54d012af864eaeb942b026c15bcf4c9346028d402ba357c5185019bcd3,squash,Phytophthora blight and crown rot,CC0,Kaggle
of1-0476,89c7031635da8c8241d66e41661e47b65a9af7c7ce7d4f9de486e31ef10e4312,squash,Powdery mildew,CC0,Kaggle
of1-0477,d24fc796cb8f0fbac8c7abdf58cf708731b148a31b7b724e34421f6a4ce35ee6,squash,Powdery mildew,CC0,Kaggle
of1-0478,302d8817278663d586e95d1d5e9b0c4d2d1fcf1b32e3e2e094f6b3137b3233b9,squash,Red pumpkin beetle,CC-BY,Roboflow
of1-0479,978adb0513f67259dcf429476801072cb11db5ab448d3e30e86b2e2a6fcb4cb3,squash,Red pumpkin beetle,CC-BY,Roboflow
of1-0480,387e824e720bbfe4da4ee8afac17998f68ed946fff23b2e60cbcda2d6c18b127,squash,Southern blight,CC0,Kaggle
of1-0481,96c7bd24b0629742e645868a0730888a83d3b8454cc577efb8a65e89b2476814,squash,Southern blight,CC0,Kaggle
of1-0482,d999be8c24fcce3e9b7f9acadf94bd26db5d53fb44ca3186ac78547edd0352d4,squash,Squash bug,CC0,Kaggle
of1-0483,2f3bc1a6261a982aa9424c1bc5c646641ac00ceaf9cc7276bf3a0d761bb39681,squash,Squash bug,CC0,Kaggle
of1-0484,0664a9314ec83c9a165c1e1d0564e5a80f15cfecf02cd787cf633dbb70c3f2aa,squash,Squash leaf curl virus,CC-BY,Kaggle
of1-0485,78557d4a7617f3d55739f38a2944f6eef32c9be33f3a388042159c66f0e587ec,squash,Squash leaf curl virus,CC-BY,Kaggle
of1-0486,5702b76a10add8b9d3b332b898eca16abf9b10c5f26389305756d5b857612c77,squash,Squash vine borer,CC0,Kaggle
of1-0487,989da45f4dc1512a346ba83b75cc4e89af844bd12036117ec6762f034eb5832b,squash,Squash vine borer,CC0,Kaggle
of1-0488,a67f409819949ecf3228bf0de6b68316de7da0208987a933f513feb94f0e247a,squash,Thrips,CC-BY,Kaggle
of1-0489,80f2cda98bee74e8c6127aa0d2b1be9e3656afebf240e83c16ed80561a367003,squash,Thrips,CC-BY,Kaggle
of1-0490,40870200b22d256af7351421d96ea6e27eff6e2a583061bfe7a9711fc06564a6,strawberry,Leaf Scorch,CC0,Kaggle
of1-0491,03a659c73074cc6f38be962759db609331ce4d1b11c6c10c3bfae62093b104ab,strawberry,Leaf Scorch,CC0,Kaggle
of1-0492,6bc95713bdfe86f460d05adc70482b5316ea3269ccb4abf413b7e401c43f1a03,strawberry,Plague thrips,CC-BY,other
of1-0493,36cb512720fdef6a6f1a12d61f4ca9ba06017982eb998f97969866d33c5af90f,strawberry,Plague thrips,CC-BY,other
of1-0494,fd38b0ec3069a95e282bba13313fa2e10864291432d8015d7ebb0deb7551f7a9,strawberry,Western flower thrips,CC-BY,other
of1-0495,5d2583071333d758aeb281cef89cc761b853bab691604db2e7371a99c75ddb9a,strawberry,Western flower thrips,CC-BY,other
of1-0496,66f2fffff5a24a4f19177c2d94f49569c5c83edf5243f489739f1ecb4be98b63,sugarcane,Brown Spot,CC-BY,other
of1-0497,04e14b0ca09a76549861177d646c3d70f6efc9e1715a92a75dd339bf7aaf9f69,sugarcane,Brown Spot,CC-BY,other
of1-0498,58b365268b414d0d6fb8a967b9d23431ba14048be4bd02f382b06dccd6a2e2a6,sunflower,Alternaria leaf spot,CC-BY,other
of1-0499,f920c89ac17644dfdff108f203418ce508243c4f733f7ddc90f41b6d3335921b,sunflower,Alternaria leaf spot,CC-BY,other
of1-0500,793e93879966d2cb1ed0de5ea86c81a25264297f81b85c4071e7440dc794889d,sunflower,Downy mildew,CC-BY,other
of1-0501,b72136f4e915ed456f4c4fa7cb1817215826d379436fe26f8fce747409b000c6,sunflower,Downy mildew,CC-BY,other
of1-0502,28d66a645ec23d6fe57c1bb39214a68d6f1b1fc87b610ae397371f7707a52c65,sunflower,Gray mold,CC-BY,other
of1-0503,12fff09ea23082d5e6b03c7e847a9ad8ba5114dc5a7b78141a94c911f430f580,sunflower,Gray mold,CC-BY,other
of1-0504,42b3c5cf53aa487e66727acc795a8406b8fec291381fb184310f14ee8ebec9cf,sunflower,Powdery mildew,CC-BY,other
of1-0505,61d2d4bd29b1aa7a585e21faefcfd4522e758c8ca5831a5baaea3fd3746955ef,sunflower,Powdery mildew,CC-BY,other
of1-0506,a2ab7acdcbf9f5db6c780bbfa9a48d7d8369661ac09cf75e3ac8be99a2cd14b2,sunflower,Septoria leaf spot,CC-BY,other
of1-0507,ba5214618e55ddd12399322b7e9b7fa35b4224da1054847e2b659909a7d90970,sunflower,Septoria leaf spot,CC-BY,other
of1-0508,c638696189ea9bf02446165bdd48670d67765925e0d7259dc76845a79cd49c24,taro_colocasia,Leaf Blight,CC-BY,other
of1-0509,8110a892a20013fe276311e17de9204af6ffc57b6107ecaae558d8f792c53abe,taro_colocasia,Leaf Blight,CC-BY,other
of1-0510,75d0248a20b7f1a3233843d277d23344b470790b15db2222fb6f2f4857253af7,taro_colocasia,Mosaic,CC-BY,other
of1-0511,ee0b917e67a13b65fd5a43450bc4aee99d843ebf25e2072b59c72504e820ec83,taro_colocasia,Mosaic,CC-BY,other
of1-0512,e66c93304c3db13b30d388a8bd8297b84248f8f78172f4809d030071b52b66b3,taro_colocasia,Root Rot,CC-BY,other
of1-0513,5d1dfdafcc13fc9172d0bbd669bb871fdcb0c65725cb207e9ffa747e51eea7ab,taro_colocasia,Root Rot,CC-BY,other
of1-0514,06460adaad55709bb2bcf51b1dbf1c5ab97682c5cb027ae953905e39876fdf3d,tea,Anthracnose,CC-BY,Kaggle
of1-0515,710b1dc23315de24c9bafd9a88c4a97ecef7e5b0db4adbd4505ea8039458644b,tea,Anthracnose,CC-BY,Kaggle
of1-0516,e0399289c90aa477a4c8d8de36245296c612e01ba5688682b46d40260f62d20f,tea,Bird Eye Spot,CC-BY,Kaggle
of1-0517,77004372c9c45f598ec0d1b4c8144e7a3b66324a5550a5f641e41255d1ab3280,tea,Bird Eye Spot,CC-BY,Kaggle
of1-0518,b35089849277b4dad2949b14a1c45b10864835d0d711af5a9ef2d4e34c9f0306,tea,Brown Blight,CC-BY,Kaggle
of1-0519,8bb2fc15dff69305325c479c2150ac87dfad6601707bb6960cb420239fd8e050,tea,Brown Blight,CC-BY,Kaggle
of1-0520,01fd57b30870bc6b60fb61946c7b3e2174096b8565c213a3016788413e6a136f,tea,Grey Blight,CC-BY,Kaggle
of1-0521,e37f62c9cf34299d9de5c21236cb068678546daf723f3b9eee40f39d1537e695,tea,Grey Blight,CC-BY,Kaggle
of1-0522,44b4bcb0021fefb46aab54b5988038d0670969f3ff2764b69dd9c23e08e0333d,tea,Red Leaf Spot,CC-BY,Kaggle
of1-0523,94bb99ef8bd1c779dd1c99bb067268a3b3ebfd1e2ba88769f0ee2ead603c0294,tea,Red Leaf Spot,CC-BY,Kaggle
of1-0524,8d254f7070a68d0e347bbd2e324d52326849ee480ac7cb3451c0250f9fdca680,tea,White Spot,CC-BY,Kaggle
of1-0525,6701197fe505cdb9867df677003034ed3c5bcbfe036be639e59c6523a511c81d,tea,White Spot,CC-BY,Kaggle
of1-0526,15de42a1f8061dec473c9d52d96686056567a0914c2b054fef3784dfed4cb236,tea,White scab,CC-BY,other
of1-0527,e867fa6477ac0479a9726c611bf8b5287bbac620a12bbefb726e434ed5255cf0,tea,White scab,CC-BY,other
of1-0528,ee02669bda13146f978ef92cdeca090fca648cdeec874e64332da05400848f40,tomato,Brown leaf spot syndrome,CC-BY,Roboflow
of1-0529,7776ccaffa2563ad28bc36dbda654e18a6008e153659166a2c896a107137d9bb,tomato,Brown leaf spot syndrome,CC-BY,Roboflow
of1-0530,1a77a2a0d79844dfe56ef4dded5d3b5bcf18509be970d413a08617b8e5377dc3,tomato,Cercospora leaf spot,CC-BY,other
of1-0531,32d0d596eadb1af098b4fdc8318a9bdf1d3d2b80bc3d6fb5ea39343da988d820,tomato,Cercospora leaf spot,CC-BY,other
of1-0532,e22b63ce6806ab7675fb223b654674f5a13e524159fcd0d31aa9a78a4dc38429,tomato,Target Spot,CC0,Kaggle
of1-0533,ffa5c6712e5133fafc36b52e2ab51b38aa56e6815db1658574c8f7f67703b066,tomato,Target Spot,CC0,Kaggle
of1-0534,4d537575bc1dd9cd886526ee4a6de373f28757a22e10ab5fa7013f5c1d1e5586,tomato,Tomato leaf curl virus,CC-BY,Kaggle
of1-0535,6d188aa4e06eff3af5b1f8d438a16d2461c8bcc0db01aa222aa6350d478626e2,tomato,Tomato leaf curl virus,CC-BY,Kaggle
of1-0536,d612052f78a072a51474c44307b6e6d4988671564849e47d1d95e73aa72cb935,tomato,Tomato mosaic virus,CC-BY,other
of1-0537,48aa1c623323fe20dcfd07cac01727586252f909fa3ccb6acc25864c5ffa55da,tomato,Tomato mosaic virus,CC-BY,other
of1-0538,b6e4c20dd2f38b3366592e315251596471280a9da0331c17bad2815ca66ff61d,tomato,Unspecified mite damage,MIT,Kaggle
of1-0539,ce458a4763674c512ea93cbe6df17b32049a4d1615ca692d6ac3a32e2a2ea316,tomato,Unspecified mite damage,MIT,Kaggle
of1-0540,68bdfbd2c637949d91d881b98abd14950df917e8581dee42d245387444ae718c,vanilla,Black spot syndrome,CC-BY,Kaggle
of1-0541,5a9e730a8989b1b2f939f42bf51c8bc13071c98ea6276f19d7f9b08227aea373,vanilla,Black spot syndrome,CC-BY,Kaggle
of1-0542,3092461d820102074ace56a32cc64714edbd605db10695e0e3cfdd4de5b74a3d,vanilla,Red spot syndrome,CC-BY,Kaggle
of1-0543,e12cc6b8d59d275f7d60f1f9fd2f031d52ab31b00a468713ccd418c7116c7cae,vanilla,Red spot syndrome,CC-BY,Kaggle
of1-0544,d6cef1fe8383def25f55335ae2e37a6b891bbeefd4c8e8f36a840d03b952b06d,vanilla,Stem rot syndrome,CC-BY,Kaggle
of1-0545,f6479dc9cae543b1c10c7ea1453bb8497ab4f251d8f5bafe59695d830aabfe7d,vanilla,Stem rot syndrome,CC-BY,Kaggle
of1-0546,b5d7b81d4f067b755f5d11414dc641e33f09e385e806fd2c93963ca7cfe9d435,walnut,Anthracnose,CC-BY,other
of1-0547,863f9c8475265a0c1fbd77814f0cefa3abc965fe36d60078968a94f9e31872ff,walnut,Anthracnose,CC-BY,other
of1-0548,f60b7d7a58bb4c8964782a2ffcc21de06bd5ab7b0e9db2fd318c810c57b226cc,watermelon,Anthracnose,CC-BY,Kaggle
of1-0549,85604bb7799a24534530100ce6eafe909c684a83d0cb709514e9868953c050e9,watermelon,Anthracnose,CC-BY,Kaggle
of1-0550,909507e07447e4c77735e2697ab16dc3d843342c44163b672f373a7d0f5b5b2e,watermelon,Downy Mildew,MIT,Kaggle
of1-0551,070772aa27fa666813a553bd564070fecb339817a1b953c62b2e7d1951547065,watermelon,Downy Mildew,CC-BY,Kaggle
of1-0552,1daf361de080d4064bbffb88f56bfec864828d92e6b9f2ef06433aa828a8dfae,watermelon,Spider Mite Infestation,CC-BY,other
of1-0553,32070ffba2f8ebde79ba5b14eae40648f2312fad7a2280fedc228bbbda9c0948,watermelon,Spider Mite Infestation,CC-BY,other
of1-0554,287f20844440dab1457ba63d44385461d7a82eb8c47668da12f2634b291bd27a,watermelon,Watermelon Mosaic Virus,CC-BY,Kaggle
of1-0555,0892e98030dc5f5c3a62a5d93ebb17022eda2c5a3f70d4a8dbce8a2708993b22,watermelon,Watermelon Mosaic Virus,CC-BY,Kaggle
of1-0556,d7e2f5abc4fb3f1a4ced1908019701d4f200f8e84924d80ae0af2cf83df22b39,wheat,Flag smut,CC0,Kaggle
of1-0557,3d16e753fddedeedc85f31651b2edd991a04e139a928862bdbcdad60a0642776,wheat,Flag smut,CC0,Kaggle
of1-0558,5dd574d3787f0cefbca9e971fd11c42279c3be8da10878e7e4371d058012e215,wheat,Wheat stem fly,CC0,Kaggle
of1-0559,29b1bfc28ed9ba84052ff94bd60556530ee76a95466905c1c91882f3f76dd52c,wheat,Wheat stem fly,CC-BY,Roboflow
of1-0560,59c00fd46580e80af867beac804961508b38da61225c22a3143bcbe5f801978c,zucchini,Xanthomonas Bacterial Leaf Spot,CC-BY,other
of1-0561,5dbf5c64aa6fb6c61c63ba6ce36b1b8608b54658d98c6085fb1270182a57460c,zucchini,Xanthomonas Bacterial Leaf Spot,CC-BY,other
of1-0562,8fd5d42d6204a5ba36977fa1c3ae412652c2c5e2c3afa072021e1c6708306046,zucchini,Zucchini Yellow Mosaic Virus,CC-BY,other
of1-0563,05ebbb00207928405f1a6299927ce65ad866d4dbff83d6e9bf93a07c090fc1f0,zucchini,Zucchini Yellow Mosaic Virus,CC-BY,other
