case_id,entity,issue,issue_family,image_sha256,platform,dataset_key,dataset_url,upstream_id,declared_license,obtainable
cv1-0000,barley,Healthy,healthy,5e647e211fb4fd3af619c3d2e0e982e212f0c838ef25c5567a01f28090de8ff0,iNaturalist,inat_hordeum_vulgare_healthy_barley_cc0_cc_by,https://www.inaturalist.org/photos/530608110,530608110,CC-BY,record_url
cv1-0001,sorghum_jowar,Healthy,healthy,f26a38fc3052a18ab80d526edc35ed8e0d3809b0d20668d04bd3195ba17cb2ce,Kaggle,kaggle_kanishkasalgude_d59india_unknown_augmented_imagefolder,,,unknown,dataset
cv1-0002,maize,Healthy,healthy,7236f8184c05c0fb4ef370f28bce98623692f2db99b39828afc46569abbf05a0,local (no external source),local_yolo,,,unclassified,none
cv1-0003,pearl_millet_bajra,Healthy,healthy,7fbbf2510324e2a51c733fcda688312e3ddb0b44fa0745f6585ffa273f9db503,Kaggle,kaggle_kanishkasalgude_d59india_unknown_augmented_imagefolder,,,unknown,dataset
cv1-0004,wheat,Powdery Mildew,disease,5e6bd753efbedfecdf44f4304fae822660303dbc91cf1c385d2b8128a2d7ab06,Kaggle,kaggle_wheat_plant_diseases_cc0_imagefolder,,,CC0,dataset
cv1-0005,rice_paddy,False Smut,disease,f1b78c1f827e422941e2320c86587ab66b64b3ff0be2bce21b89e0057bd54dc5,Kaggle,kaggle_rice_leaf_disease_mit_imagefolder,,,MIT,dataset
cv1-0007,pearl_millet_bajra,Downy Mildew,disease,c9a7f3d97c15504da5c42718cce3c39c9dcee043fd2fba7dfaf06a15d3b672ff,Roboflow Universe,roboflow_leaf_chalmers_pearl_millet_il2bp_v2_downy_cc_by_4,,,CC-BY-4.0,dataset
cv1-0008,finger_millet_ragi,Blast,disease,ca32647844acb3f8b5d224a4c0089b0aa12b0c5b46824942c632e811b8e480c3,Kaggle,kaggle_rajsingh365_millet_crop_healthyrustblast_blast,,,unclassified,dataset
cv1-0009,cashew,Gummosis,disease,853f27184a2c74800a2670555030d1511bc37ed3500320e1601a5d8ca09f685c,Kaggle,kaggle_ccmt_crop_pest_disease_nirmalsankalana_cashew_additional_imagefolder,,,unclassified,dataset
cv1-0010,coffee,Brown Eye Spot,disease,d70df0e7f809468abba6b5e6a12dd339e0220a287073e57436641d69393db32d,Kaggle,kaggle_bracol_reviewed_cc_by_4_yolo,,,CC-BY-4.0,dataset
cv1-0011,tea,Healthy,healthy,6c21aa4ac5fd81eb9ad6fbde27473f98853213106aeaab09f68cc175aeb7aaf2,Kaggle,kaggle_custom_100_category_nc_sa_imagefolder,,,CC-BY-NC-SA,dataset
cv1-0012,coffee,Rust,disease,f34007b12b199b2a8298b4a46807deaae85f6023b9c0ef014cd9e30ba1753dd9,Kaggle,kaggle_custom_100_category_nc_sa_imagefolder,,,CC-BY-NC-SA,dataset
cv1-0013,cotton,Bacterial Blight,disease,71a51ef29125c9d719a8a93fc103d91c0ebfdd173efd82e4db523e873e4d7b28,Mendeley Data,mendeley_cotton_sar_cld_2024_cc_by_4_augmented,,,CC-BY-4.0,dataset
cv1-0014,cotton,Healthy,healthy,c1c1b1b929af2710a8d0ca9f3895725f59ecbd81e2630c957e3c587bd8c41848,Mendeley Data,mendeley_cotton_sar_cld_2024_cc_by_4_augmented,,,CC-BY-4.0,dataset
cv1-0015,tobacco,Target Spot,disease,b5ef1b241a0cbfe58b78106ac56f572eef4f644f181c572fa549c73a11742971,Roboflow Universe,roboflow_universe_plant_txvrf_tobacco_2khcs_v6,,,unclassified,dataset
cv1-0016,sugarcane,Pokkah Boeng,disease,4906388e75739f9ca98c3a16b200f078220a230180cc3cdc48a6be3c8ece391e,Kaggle,kaggle_anandjain1112_sugarcane_img_dis_9026_unknown_imagefolder,,,unknown,dataset
cv1-0017,tea,Blister blight,disease,06ce3f661af5ec9709a41754e32d60da639895dc59bc6658d5acf5f20dbe9564,Kaggle,kaggle_sharronlee_tea_pests_diseases_cc_by_nc_sa_yolo,,,CC-BY-NC-SA,dataset
cv1-0018,sugarcane,Red Rot,disease,232085d1b83791fc633d2fbbe23d68c7c94bb77063459fcddf170ebbbc51018f,HuggingFace,hf_sugarcane_leaf_yaswanth_mendeley_cc_by_4,,,CC-BY-4.0,dataset
cv1-0019,cotton,Corynespora Leaf Spot,disease,8b1a4e33543e49f258709f6db46f5bbcb78c39ca095e844405772f6566499551,Kaggle,kaggle_adiithape1_plant_leaf_master_cc_by_sa_4_imagefolder,,,CC-BY-SA,dataset
cv1-0020,tobacco,Potato Virus Y,disease,6083df702fecf24df3ac0c5226ffef09f95b0004216dcc2a746291a4c0182a82,HuggingFace,hf_joker5800_tobacco_leaf_diseases_unknown_viewer,,,unknown,dataset
cv1-0022,arecanut,Yellow leaf disease,disease,275c1644025903e040b88b9bd7764f6270b6a8c478f92402d7e10ce31dbd4efa,Kaggle,kaggle_arecanut_tejpaviraj_unknown_imagefolder,,,unknown,dataset
cv1-0023,cashew,Healthy,healthy,a1c1a4762f4a38fac53d82ff686031be8a682c967870141b4a4989c22d3a22fd,Kaggle,kaggle_olaidegabriel_cashew_healthy_unknown_imagefolder,,,unknown,dataset
cv1-0024,cocoa,Cocoa swollen shoot virus disease,disease,dff5173551433e1bb492f8d00eeeeb679ac85077461ed94ff5a137757646ec11,Mendeley Data,mendeley_cocoaswolset_hvwth9dsfd_cc_by_4_public_folders,https://data.mendeley.com/datasets/hvwth9dsfd,hvwth9dsfd,CC-BY-4.0,record_url
cv1-0025,tobacco,Tobacco Mosaic Virus,disease,497dd191903cc30beaa777d8f8e000098c4697ed0a03baf08228ad59e5eef77a,HuggingFace,hf_joker5800_tobacco_leaf_diseases_unknown_viewer,,,unknown,dataset
cv1-0026,jute,Stem soft rot,disease,16ba0639e3509faefced8979028a6444861b55894a769acebd0787abbfae6804,Kaggle,kaggle_abhijitkumarghosh_jutebd_other_imagefolder,,,unknown,dataset
cv1-0027,jute,Healthy,healthy,92bc0f9b0459e5216930ca6fece93d18e068100b99d8915d3a47773eb2af2901,Kaggle,kaggle_abhijitkumarghosh_jutebd_other_imagefolder,,,unknown,dataset
cv1-0028,cashew,Anthracnose,disease,31679f45ba61a71a966d757090d4c632c4ef6437ebeea9d99e5676a42090fbf9,Mendeley Data,mendeley_ccmt_raw_bwh3zbpkpv_cc_by_4,https://data.mendeley.com/datasets/bwh3zbpkpv,bwh3zbpkpv,CC-BY-4.0,record_url
cv1-0030,turmeric,Healthy,healthy,8874b8d8ac5bf5c6f7c99b6970e6272235ed5c564d00bbcf577df65378ad967d,Mendeley Data,mendeley_turmeric_leaf_jtttfbx342_cc_by_4_public_folders,https://data.mendeley.com/datasets/jtttfbx342,jtttfbx342,CC-BY-4.0,record_url
cv1-0031,cocoa,Frosty pod rot,disease,ee93abbffb37818d8331f32ed9f0a39c4a88336c0e1bd6e6e6edf1fb13a56d09,Kaggle,kaggle_cocoa_diseases_bryandarquea_cc_by_nc_sa_yolo,,,CC-BY-NC-SA,dataset
cv1-0032,ginger,Healthy,healthy,1000b731dc8e4e11269e53b25c44a507a02c2d50855731572b417ec4ba555785,iNaturalist,inat_zingiber_officinale_healthy_ginger_cc_broad,https://www.inaturalist.org/photos/640945961,640945961,mixed/unverified,record_url
cv1-0033,jute,Yellow mosaic disease,disease,73056904295fa7c384a1d5f32c48739e0671687d02bf483c9c0a9ee6f5ac9e72,Kaggle,kaggle_abhijitkumarghosh_jutebd_other_imagefolder,,,unknown,dataset
cv1-0034,mustard_rapeseed_canola,Nitrogen Deficiency,nutrient_deficiency,232a45ab1dc703508e700b5c80fc0d86cb17b3779158ee37faa220adbd785638,Roboflow Universe,roboflow_agrikheti_plant_disease_hgequ_v1_private,,,private,none
cv1-0035,coffee,Healthy,healthy,5c9bfe12fb6c09f0a3b03285d462f488a5a3742398846e2f480b151bd296a72d,Kaggle,kaggle_custom_100_category_nc_sa_imagefolder,,,CC-BY-NC-SA,dataset
cv1-0036,bean_french_bean,Healthy,healthy,5cf0b0892ebb854b0fd7bb32badc2d3b3f6d2439e50477c4e890774cff821195,Mendeley Data,mendeley_cowpea_bean_ykvcrjffzd_cc_by_4_public_folders,https://data.mendeley.com/datasets/ykvcrjffzd,ykvcrjffzd,CC-BY-4.0,record_url
cv1-0037,bean_french_bean,Anthracnose,disease,4dc32b51f8395c3a0c0b61dca6d48f0cfadd050051a6e4a53f8cbf1bc12cd6ed,Zenodo,zenodo_tanzania_common_bean_anthracnose_15685315_cc_by_4,https://zenodo.org/records/15685315,15685315,CC-BY-4.0,record_url
cv1-0038,soybean,Soybean Rust,disease,aeeab7bfa6d3188e77754e19722ec516bc32cd8a9baca5f13eb0f4b5623063f8,Kaggle,kaggle_bhargavi1919_soybean_dataset_unknown_imagefolder,,,unknown,dataset
cv1-0039,soybean,Soybean Mosaic Virus,disease,4786c1421de50dcfa3824c232d53dad3c749621b0ae96bd950b87846a76ea498,Kaggle,kaggle_bhargavi1919_soybean_dataset_unknown_imagefolder,,,unknown,dataset
cv1-0040,black_gram_urad,Healthy,healthy,c8b60df4c715daf3cabec761a56599563ad4919c85c343565297e75277c609d1,Kaggle,kaggle_ayushcl_black_gram_leaf_apache_2_imagefolder,,,Apache-2.0,dataset
cv1-0041,black_gram_urad,Anthracnose,disease,1801af03bafdbc383da7a392b404ca5c435c07c66deec168c81f1d63d6be7ad6,Kaggle,kaggle_andytingzhiwei_black_gram_bpld_unknown_imagefolder,,,unknown,dataset
cv1-0042,mustard_rapeseed_canola,Healthy,healthy,f74ad8ad2da3ee0e9098d848ff48a9e96344d9c9cb99e7a7c8b570252ce1f2ae,Kaggle,kaggle_gregsvein55_canola_diseases_cc0_imagefolder,,,CC0,dataset
cv1-0043,groundnut_peanut,Healthy,healthy,f3cbbf97d50a58f7317fe022d5f7ef53256438722c1fb72728de389fa8b2bb46,Kaggle,kaggle_kanishkasalgude_d59india_unknown_augmented_imagefolder,,,unknown,dataset
cv1-0044,soybean,Healthy,healthy,531017390ad70e13def39dd860adda785ae32bf179d31d757f3654bc6ce77069,HuggingFace,hf_plant_village_dscomp380_cc0,,,CC0,dataset
cv1-0045,black_gram_urad,Bacterial Leaf Blight,disease,6e9bcfbe4e906a0f6c30179f5999cbde8f9e549785dc392674bf372ca76aabc3,Roboflow Universe,roboflow_christopher_escalante_mungbean_disease_v6_cc_by_4_black_gram_blb,,,CC-BY-4.0,dataset
cv1-0046,cowpea,Septoria leaf spot,disease,6a96a379609be2af4708858405811429c9190985f9f8d1b00355f7cac981689b,Mendeley Data,mendeley_cowpea_bean_ykvcrjffzd_cc_by_4_public_folders,https://data.mendeley.com/datasets/ykvcrjffzd,ykvcrjffzd,CC-BY-4.0,record_url
cv1-0047,soybean,Rhizoctonia Aerial Blight,disease,dcd4425cbaa0affe5f5703bf0fe8988d77a4c77699124f66b7a5aeb3f09a5f05,HuggingFace,hf_butterchicken98_soybean_disease_controlnet_unknown,,,unknown,dataset
cv1-0048,pigeon_pea_red_gram,Healthy,healthy,6faa2ca4b15a7fe67ea520745cfd891f19bc9bb0cb8565c1bb8518c09cffd2e0,Mendeley Data,mendeley_pigeonpea_leaf_bd553pdtny_cc_by_4_ppld,https://data.mendeley.com/datasets/bd553pdtny,bd553pdtny,CC-BY-4.0,record_url
cv1-0049,bean_french_bean,Bean Common Mosaic Virus,disease,f3ff2b48207d30d5cc2499e3ec1861bc2501176cc3a3e2800e64987854c3307c,Mendeley Data,mendeley_cowpea_bean_ykvcrjffzd_cc_by_4_public_folders,https://data.mendeley.com/datasets/ykvcrjffzd,ykvcrjffzd,CC-BY-4.0,record_url
cv1-0050,mustard_rapeseed_canola,Phosphorus Deficiency,nutrient_deficiency,4468bd2c46ba69128683aeac499b4c8fc3475c9ef204fb5d73bfff5130b63225,Roboflow Universe,roboflow_agrikheti_mustard_phosphorus_deficiency_v1_private,,,private,none
cv1-0051,chickpea_gram,Fusarium Wilt,disease,c83b8cb96e98d48428ad214ae3a55fc96666e3ededa327af80abf5d193869934,Kaggle,kaggle_tolgahayit_chickpea_fusarium_wilt_unknown_imagefolder,,,unknown,dataset
cv1-0052,green_gram_moong,Anthracnose,disease,b2b5b8cb1ecfad2e0014aaf81795020b7b8b5134d4bbe085fd818ffb9f7a2074,Kaggle,kaggle_andytingzhiwei_black_gram_bpld_sibling_pulse_aux_for_green_gram,,,unclassified,dataset
cv1-0053,pigeon_pea_red_gram,Fusarium Wilt,disease,52266d7f471e8ec70346c57952426f1b69852074f32e8ec30b917b4c5d407bdf,ICRISAT OAR,icrisat_ravikumara_virulence_pigeonpea_fusarium_wilt_resume3_source_terms_review,http://oar.icrisat.org/,,unverified,dataset
cv1-0054,cowpea,Healthy,healthy,7a28287a7c9988c23981bc7fa614f2fe18a5a3d1d1e81617819a9dd37f9fa341,Mendeley Data,mendeley_cowpea_bean_ykvcrjffzd_cc_by_4_public_folders,https://data.mendeley.com/datasets/ykvcrjffzd,ykvcrjffzd,CC-BY-4.0,record_url
cv1-0055,green_gram_moong,Powdery Mildew,disease,8fa5f095cf31021a80b3d81ebc73a47c4c9de41be93ff5dc5f6960c9712eec5d,Roboflow Universe,roboflow_christopher_escalante_mungbean_disease_v6_cc_by_4,,,CC-BY-4.0,dataset
cv1-0056,green_gram_moong,Healthy,healthy,7d2de39da2fcaa51eae1061d560f9ce630318cb16cbf582bd8041c91a15a78f1,Roboflow Universe,roboflow_christopher_escalante_mungbean_disease_v6_cc_by_4,,,CC-BY-4.0,dataset
cv1-0057,black_gram_urad,Powdery Mildew,disease,c0a18f98ce9a3f1bf333dd29d8386f48e6e5c6522d7f50b66ec7e498ba52ed63,Roboflow Universe,roboflow_blackgram_xbzbp_v1_cc_by_4_imagefolder,,,CC-BY-4.0,dataset
cv1-0058,groundnut_peanut,Groundnut Bud Necrosis Virus,disease,b5f3dddd1481aee366f4ed73c1ab4203d6d63a000c8c75e65fbade70d1644d15,KrishiKosh,krishikosh_5810015944_groundnut_bud_necrosis_etiology_management_source_terms_review,https://krishikosh.egranth.ac.in/items/5810015944,5810015944,unverified,dataset
cv1-0059,green_gram_moong,Mungbean Yellow Mosaic Virus,disease,75a76f58f1e715554abff4ed8738a20c3c18d93406789b4d8ae8277ad8c2f748,Roboflow Universe,roboflow_iotseecs_mb_yellow_mosaic_v3_cc_by_4_coco,,,CC-BY-4.0,dataset
cv1-0060,groundnut_peanut,Alternaria Leaf Spot Peanut,disease,e2e955ae72e6272aea1ae16a00a64a81475b1995239214acc8d146162f955be6,Kaggle,kaggle_kanishkasalgude_d59india_unknown_augmented_imagefolder,,,unknown,dataset
cv1-0061,chickpea_gram,Healthy,healthy,371f8346d96cbf3b77fb063ce6b68dc00da37912c1c4a344f1ff8da9c3d414d5,Roboflow Universe,roboflow_pair_label_chickpea_flax_sthvq_v2_cc_by_4_coco,,,CC-BY-4.0,dataset
cv1-0062,bean_french_bean,Bacterial Leaf Blight,disease,eebb18df22b9f44e5cd5b2e4d3656335819e23976e8a1ae4c8bd1c4ac3c18967,Roboflow Universe,roboflow_school_9guon_bean_actz9_cc_by_4_yolov8,,,CC-BY-4.0,dataset
cv1-0063,pigeon_pea_red_gram,Sterility Mosaic Virus,disease,1b1c8652fb71fcaa74673247d9030f5bef43f9010e16e9642ceaa6d9fd40ac3c,Mendeley Data,mendeley_pigeonpea_leaf_bd553pdtny_cc_by_4_ppld,https://data.mendeley.com/datasets/bd553pdtny,bd553pdtny,CC-BY-4.0,record_url
cv1-0064,squash,Bacterial wilt,disease,70b7f9e475667afd3bdd78ef789043cb01152571efa497bc4b642768b986e5f6,Kaggle,kaggle_mahfuzhasan_sweet_pumpkin_cc0_imagefolder,,,CC0,dataset
cv1-0065,lettuce,Downy Mildew,disease,c2fdc874f91de7efcd95ffbd77164862664ee1806ca0dd3314a4a1de3175a5ed,Kaggle,kaggle_harisri2005_plant_disease_processed_unknown_csv,,,unknown,dataset
cv1-0066,tomato,Anthracnose,disease,000212d31aed7a9a7e05b6f6bed56bc2fa52856e721d9cb125f0a283e2246c09,Kaggle,kaggle_sadikmahir_tomato_fruit_disease_apache2_yolo,,,Apache-2.0,dataset
cv1-0067,cauliflower,Boron Deficiency,nutrient_deficiency,54b93c7b32234b9b7876c5b857bcbbb950801c7c37014c9f8a5460b763e041e1,Mendeley Data,mendeley_cauli_net_y6hk67rhs5_cc_by_4_boron_public_folders,https://data.mendeley.com/datasets/y6hk67rhs5,y6hk67rhs5,CC-BY-4.0,record_url
cv1-0068,cauliflower,Healthy,healthy,9b5edbdcbbc612132ecfd15a8bb46886b22040d9a8046459008703bc92570dfe,Kaggle,kaggle_fahadbd_plant_leaf_freshness_cc_by_4_imagefolder,,,CC-BY-4.0,dataset
cv1-0069,chilli_capsicum,Chilli Leaf Curl Virus,disease,c6d58a28015a39cf9f76c3dd4c26dfa48adf1ebb62a1c80589912cb0ce694756,Mendeley Data,mendeley_pepper_bell_w9drvtxg9g_cc_by_4_public_folders,https://data.mendeley.com/datasets/w9drvtxg9g,w9drvtxg9g,CC-BY-4.0,record_url
cv1-0070,onion,Xanthomonas leaf blight,disease,60ee65f041ba22392c860e11a8496c0d891e411b357e065d36044f01e280a73a,Roboflow Universe,roboflow_school_0xa1n_onion_xanthomonas_leaf_blight_v2_cc_by_4,,,CC-BY-4.0,dataset
cv1-0071,okra,Bhendi Yellow Vein Mosaic Virus,disease,4e9ef45537d33c37a2cd8eedf81e2f2121aa7ebafea5dc3de99998cc933afa3a,Kaggle,kaggle_custom_100_category_nc_sa_imagefolder,,,CC-BY-NC-SA,dataset
cv1-0072,tomato,Bacterial Wilt,disease,254e739637b587876370b6029941c0d3b23dfaee446bcad618c2dd0bf6a25b69,HuggingFace,hf_tomato_disease_detection_agml_cc_by_4,,,CC-BY-4.0,dataset
cv1-0073,tomato,Healthy,healthy,111fde6a18807176915c9d1de0f781d5d5bc49a9791cc1a8c12c98402740e278,Kaggle,kaggle_tomato_leaf_diseases_detection_cv_cc0_yolo,,,CC0,dataset
cv1-0074,potato,Potato Late Blight,disease,7ae6a9da4d38a8db7cccae6b79611624622aef2f8c6b287a3969f94c4ea05365,Kaggle,kaggle_custom_100_category_nc_sa_imagefolder,,,CC-BY-NC-SA,dataset
cv1-0075,chilli_capsicum,Powdery Mildew,disease,40bcfdc60dcdb3c7902731192cff101f8b2b12bb916d26ad155af0c22163ec03,Mendeley Data,mendeley_chilli_leaf_tm3v4zmh7c_cc_by_4_public_folders,https://data.mendeley.com/datasets/tm3v4zmh7c,tm3v4zmh7c,CC-BY-4.0,record_url
cv1-0076,chilli_capsicum,Bacterial Spot,disease,bb127635153f654dd45c8fb69134c27c46fbc994966e7c1eddb2c1f6f9415115,Kaggle,kaggle_plantdoc_object_detection_cc_by_4_yolo,,,CC-BY-4.0,dataset
cv1-0077,pea,Ascochyta Blight,disease,98b1d7f114849fe52293b450c4cf4ab28207a19dceb9758f6fa40c5b617e21e7,Mendeley Data,mendeley_pea_pisum_sativum_nnv3k3m94k_cc_by_4_public_folders,https://data.mendeley.com/datasets/nnv3k3m94k,nnv3k3m94k,CC-BY-4.0,record_url
cv1-0078,squash,Downy mildew,disease,c6aa33b3322d111aca08b96bd79ee0511bee40f3e364c588433c8a8f5ad9319f,Kaggle,kaggle_rashidthihan_pumpkin_downy_mildew_other_imagefolder,,,unknown,dataset
cv1-0079,brinjal_eggplant,Wet Rot,disease,1a1d749429fce1685c3f14edccf41a10009ed80222b568da5c168ea6a9023ac9,Kaggle,kaggle_ahsanurparul_brinjal_dataset_apache2_imagefolder,,,Apache-2.0,dataset
cv1-0080,brinjal_eggplant,Bacterial Wilt,disease,ca3cd35cc0f9b1ae1fc861ae6b5a92b801dcb1b30aa0f0a049d7399cb3bcb31c,Mendeley Data,mendeley_slif_brinjal_6yg6vktrc2_cc_by_4_bacterial_wilt,https://data.mendeley.com/datasets/6yg6vktrc2,6yg6vktrc2,CC-BY-4.0,record_url
cv1-0081,cucumber,Angular Leaf Spot Disease,disease,905bc25bc6db3a9bdf2c88707b4f4b11baa3792abe100d1535e0c389d8ba0906,Kaggle,kaggle_harisri2005_plant_disease_processed_unknown_csv,,,unknown,dataset
cv1-0082,pea,Healthy,healthy,f5e7a8727bcfb325acf0430d4c39ee76e8c141e2a96472181c6838b649a914f5,Mendeley Data,mendeley_pea_pisum_sativum_nnv3k3m94k_cc_by_4_public_folders,https://data.mendeley.com/datasets/nnv3k3m94k,nnv3k3m94k,CC-BY-4.0,record_url
cv1-0083,onion,Alternaria Leaf Blight,disease,f06e575afa5dd766ef352e6d7335218fe0704ef5dd23ad4b541af44fd57d11b5,Kaggle,kaggle_samareshkumar_multipleplantdiseases_cc0_imagefolder,,,CC0,dataset
cv1-0084,bitter_gourd,Potassium Deficiency,nutrient_deficiency,5bae3e38c80ae2e060eb835255accd0772badefb1da994ad70deec31b9863f6c,Kaggle,kaggle_shashin146_bittergourd_leaf_unknown_imagefolder,,,unknown,dataset
cv1-0085,brinjal_eggplant,Early Blight,disease,c37dd79975e5f1b9cedbd0f720a5920d1d2f9607d4a0fb5ca4d02c6d7445623c,Mendeley Data,mendeley_eggplant_6k94t3fydy_cc_by_4_public_folders,https://data.mendeley.com/datasets/6k94t3fydy,6k94t3fydy,CC-BY-4.0,record_url
cv1-0086,cabbage,Alternaria Spot,disease,daf102dd2c2d076fc280b2e522a2a77f4a6c1bf3b58fdf686b2bc3b607027429,Kaggle,kaggle_ibrahimagabardiop_niayes_crops_cabbage_cc0_imagefolder,,,CC0,dataset
cv1-0087,chilli_capsicum,Chilli Cercospora Leaf Spot,disease,5ef9258087a9c937b28e3bcd1eb53e1f16fe998fa73a69ffb35c8ca56814cddd,Mendeley Data,mendeley_pepper_bell_w9drvtxg9g_cc_by_4_public_folders,https://data.mendeley.com/datasets/w9drvtxg9g,w9drvtxg9g,CC-BY-4.0,record_url
cv1-0088,potato,Early Blight,disease,652b85c341e501be22061714884c45f04bf3710f9245414797c069f7f7929929,Kaggle,kaggle_plantdiseaset3_cc0_imagefolder,,,CC0,dataset
cv1-0089,potato,Bacterial soft rot,disease,e54cef7d3c4d72e903d96fd39822bb099d744c357023f8a0a5fc19428dff6f4d,Kaggle,kaggle_afifahoque_potato_disease_unknown_imagefolder,,,unknown,dataset
cv1-0090,okra,Powdery Mildew,disease,ca8ff0e23d3a8840306db0753dcd69b109521d59b0c0db1382a81e86173f9298,Kaggle,kaggle_manhhoangvan_yeesidataset_unknown_imagefolder,,,unknown,dataset
cv1-0091,cucumber,Anthracnose,disease,ae6db5cc79cb0237f4dc11f1fe2adc85854d10df345c14e26606b48e8155d6a3,Kaggle,kaggle_samareshkumar_multipleplantdiseases_cc0_imagefolder,,,CC0,dataset
cv1-0092,buffalo,Lumpy skin disease,disease,14645d6e1fcdb0462a214c777c4c14e46b8696a9b705c2495a6061e9e67c3bd5,Kaggle,kaggle_lumpy_skin_warcoder_cc_by_4_imagefolder,,,CC-BY-4.0,dataset
cv1-0093,bitter_gourd,Downy Mildew,disease,3fc2b33d16658d20b0298d88eef6e5a6ea0565e86851fa93415ba4a3a695a619,Kaggle,kaggle_fahadbd_plant_leaf_freshness_cc_by_4_imagefolder,,,CC-BY-4.0,dataset
cv1-0094,okra,Healthy,healthy,443f4d015afc3d9df13de020375e1ff8807671cadc2ef02999b78d164313b862,Kaggle,kaggle_custom_100_category_nc_sa_imagefolder,,,CC-BY-NC-SA,dataset
cv1-0095,rabbit,Myxomatosis,unknown,d7a3d07191128b133a9a35f95ea97cba080b13d4d85962edba8fd2cb1f3b0438,iNaturalist,inat_rabbit_myxomatosis_all_license,https://www.inaturalist.org/photos/30789090,30789090,mixed/unverified,record_url
cv1-0096,dairy_cattle,Lumpy skin disease,disease,86694047429123a87901ee32f1e4ce2eaebc05a29376ab952be500023a13ee81,Mendeley Data,mendeley_lumpy_skin_w36hpf86j2_cc_by_4,https://data.mendeley.com/datasets/w36hpf86j2,w36hpf86j2,CC-BY-4.0,record_url
cv1-0097,dairy_cattle,Mastitis,disease,ca1b1c43c9e5881e71c2cf4dc0f1e66c42ca71493f1a9713fce2d4921de0671b,Kaggle,kaggle_devang_mastitis_in_cows_unknown_imagefolder,,,unknown,dataset
cv1-0098,goat,Contagious ecthyma or orf,disease,883c5c7eb17cb9bf6a4aec9121e14531aa32ebb6b802ecdd1f47c1d0658fe1df,Roboflow Universe,roboflow_kesters_goat_skin_disease_v13_cc_by_4,,,CC-BY-4.0,dataset
cv1-0099,sheep,Sheep pox,disease,f0e24451cb5982ef7ff628a3185c1662813c9199b58b41e1dff5b01036e92a01,PMC,pmc11281627_sheeppox_spain_surveillance_lesions_cc_by_4,https://pmc.ncbi.nlm.nih.gov/articles/PMC11281627/,PMC11281627,CC-BY-4.0,record_url
cv1-0100,goat,Internal parasites and anemia,disease,c28f55285fdf2de9c77a7a5d1bc24e0b9fd00ad3acf14715f123fcc31e3f21cc,Roboflow Universe,roboflow_famacha_1shsw_biochar_famacha_sam_v4_cc_by_4_imagefolder,,,CC-BY-4.0,dataset
cv1-0101,olive,Olive Leaf Spot,disease,fafe1e4e4cddd82889286f12bb77b20c24bd974272891f0116b785476928d109,Kaggle,kaggle_abeersaleh_olive_leaf_disease_clean_cc0_imagefolder,,,CC0,dataset
cv1-0102,silkworm_sericulture,Grasserie,unknown,cacc424d4d70000e11d7606bb44da2008205ad8b53f4b1b053d253fe2fde585e,Roboflow Universe,roboflow_silkworm_project_benchmark_dataset_ywu7w_v1_cc_by_4_imagefolder,,,CC-BY-4.0,dataset
cv1-0103,java_plum_jamun,Bacterial spot,disease,5a98d32b74f5d1fb0ba4aa6574e51bab3a855156a9958a48695536fc37d884e7,Mendeley Data,mendeley_java_plum_43d75vptz4_cc_by_4_raw_public_folders,https://data.mendeley.com/datasets/43d75vptz4,43d75vptz4,CC-BY-4.0,record_url
cv1-0104,pistachio,Healthy,healthy,41c3cc0ac9bff252916c5aed7a1285e00c2d1a525922f4dde81784779063a4ad,GBIF,gbif_pistacia_vera_pistachio_healthy_human_observation_cc,https://www.gbif.org/occurrence/5110432849,5110432849,unclassified,record_url
cv1-0105,rose,Black Spot,disease,c7372146e938454bc7dc7567b319bedab3780ffdd1d11f5872ee6bb37b1ef461,Kaggle,kaggle_rose_leaf_disease_jocelyndumlao_unknown_imagefolder,,,unknown,dataset
cv1-0106,ash_gourd,Healthy,healthy,3c7afe77acda093346704e74eee67818000b5e4bdfa7b7dddd6e57a945bc9fb9,Mendeley Data,mendeley_ash_gourd_zj4th6xvdp_cc_by_4_public_folders,https://data.mendeley.com/datasets/zj4th6xvdp,zj4th6xvdp,CC-BY-4.0,record_url
cv1-0107,cassava_tapioca,Cassava Bacterial Blight,disease,6681b5f9d857fc81f93b0b356e9847db53be40a75b31c791eb0a96e8dc04b93c,Kaggle,kaggle_cassava_leaf_disease_classification_nirmalsankalana_noncommercial_imagefolder,,,non-commercial,dataset
cv1-0108,watermelon,Watermelon Mosaic Virus,disease,7b99140de35982f375c34a8919e4ca30accdf348f7d45eca644f1d2737734b51,Kaggle,kaggle_sujaykapadnis_watermelon_disease_cc_by_4_imagefolder,,,CC-BY-4.0,dataset
cv1-0109,rose,Iron Deficiency,nutrient_deficiency,f5ae23af30968ee10c6232dac8d5cca3c2a9d198a4baa9cd87e39ab41a431db8,Mendeley Data,mendeley_rose_mf6dmrkhh6_cc_by_4_nutrient_heat_stress_public_folders,https://data.mendeley.com/datasets/mf6dmrkhh6,mf6dmrkhh6,CC-BY-4.0,record_url
cv1-0110,java_plum_jamun,Healthy,healthy,727059e1c2b4fbab99d596366cfeb8c871f3ff966172dec55d650a8f9a747d86,Mendeley Data,mendeley_java_plum_43d75vptz4_cc_by_4_raw_public_folders,https://data.mendeley.com/datasets/43d75vptz4,43d75vptz4,CC-BY-4.0,record_url
cv1-0111,olive,Anthracnose,disease,5172ad5ea89866a79428826542f8786071137052eae1d927c42effdebcb49893,Kaggle,kaggle_abeersaleh_olive_leaf_disease_clean_cc0_imagefolder,,,CC0,dataset
cv1-0112,cassava_tapioca,Brown Leaf Spot,disease,4ed0e86e8c1613c9c8c5f13d065e0e9b65519da8f9f60e3a64a732d867c969ce,Mendeley Data,mendeley_ccmt_raw_bwh3zbpkpv_cc_by_4,https://data.mendeley.com/datasets/bwh3zbpkpv,bwh3zbpkpv,CC-BY-4.0,record_url
cv1-0113,java_plum_jamun,Brown blight,disease,7e407994cdbf8cf66ca6ef24bf11e7aaeafabe9aaf3f8f87881f10917c8965a2,Mendeley Data,mendeley_java_plum_43d75vptz4_cc_by_4_raw_public_folders,https://data.mendeley.com/datasets/43d75vptz4,43d75vptz4,CC-BY-4.0,record_url
cv1-0114,cassava_tapioca,Healthy,healthy,f2e17f21cc070bcd6b5bd9bbc48a1221ff400c73b55608a047c852c0efc31f75,Kaggle,kaggle_cassava_leaf_disease_classification_nirmalsankalana_noncommercial_imagefolder,,,non-commercial,dataset
cv1-0115,ornamental_nursery_crops,Healthy,healthy,1f0945708dc70703320525c052042d7a541ca77b240e2f545f38bba7f83c1989,iNaturalist,inat_tagetes_erecta_healthy_ornamental_cc0_cc_by,https://www.inaturalist.org/photos/612212279,612212279,CC-BY,record_url
cv1-0116,taro_colocasia,Mosaic,disease,d8938e517ab62375af715088c1fdef92b3a6f80617f73b5e937f234076ed6d2e,Mendeley Data,mendeley_colocasia_hmdr3dz3v6_cc_by_4_public_folders,https://data.mendeley.com/datasets/hmdr3dz3v6,hmdr3dz3v6,CC-BY-4.0,record_url
cv1-0117,watermelon,Healthy,healthy,b7c364d45c38ecda6f26aa5c68e0dfacfab39a1ae84f37802841cf4e502fb8a5,Kaggle,kaggle_sujaykapadnis_watermelon_disease_cc_by_4_imagefolder,,,CC-BY-4.0,dataset
cv1-0118,pear,Fire Blight,disease,349d2e735dd3eb9b8d5efe6a13bc8eb23ab4eec4883efe95adc67264e2f65c68,Bugwood,bugwood_api_pear_fire_blight_erwinia_amylovora_pyrus_hosts_cc_by_nc_3,https://www.forestryimages.org/browse/detail.cfm?imgnum=5630957,5630957,CC-BY-NC,record_url
cv1-0119,pear,Pear Scab,disease,9abb927f474fc26716254da201aa2e4166ee091e3925f7aa30de6644b47794ff,iNaturalist,inat_venturia_pyrina_pear_scab_all_license_private,https://www.inaturalist.org/photos/328281967,328281967,mixed/unverified,record_url
cv1-0120,cassava_tapioca,Cassava Brown Streak Disease,disease,8f2af25fbd9b791a5642cb977d052885603bda24db30f03bbaa15b34d7dd1020,Kaggle,kaggle_cassava_leaf_disease_classification_nirmalsankalana_noncommercial_imagefolder,,,non-commercial,dataset
cv1-0121,garlic,Healthy,healthy,773796f1515654dd62ff7ca7aa573b313f3fe9f4e92d2a4d9a02d0b1ca064610,iNaturalist,inat_allium_sativum_healthy_garlic_cc0_cc_by,https://www.inaturalist.org/photos/261384278,261384278,CC-BY,record_url
cv1-0122,bottle_gourd,Healthy,healthy,7bc4c64bcd7dc05a91d183f1c7a454b1911e2d74bf2bfa14d72577ee769db257,Kaggle,kaggle_fahadbd_plant_leaf_freshness_cc_by_4_imagefolder,,,CC-BY-4.0,dataset
cv1-0123,taro_colocasia,Healthy,healthy,e355b52db88a43803a859eeac6aabb84b75c2a296ff9a5b49b97a7eef47e0906,Mendeley Data,mendeley_colocasia_hmdr3dz3v6_cc_by_4_public_folders,https://data.mendeley.com/datasets/hmdr3dz3v6,hmdr3dz3v6,CC-BY-4.0,record_url
cv1-0124,olive,Healthy,healthy,8e7ecf17f7bd227e1388684242017c6a94bccfcff94f77f71f2f46d6edc04f32,Kaggle,kaggle_abeersaleh_olive_leaf_disease_clean_cc0_imagefolder,,,CC0,dataset
cv1-0125,ornamental_nursery_crops,Powdery Mildew,disease,86bfb1e4621f05ae774f1172c36ebeacfbb0219d0369e27854fb2984fa998666,iNaturalist,inat_ornamental_pm_golovinomyces_monardae,https://www.inaturalist.org/photos/611966761,611966761,unclassified,record_url
cv1-0126,pear,Healthy,healthy,398d3df07851082671775c7d7882fdb40bf38f05e89720537bc36e422c335b7c,Kaggle,kaggle_projectlzp201910094_pear640_cc_by_4_imagefolder,,,CC-BY-4.0,dataset
cv1-0127,pineapple,Leaf blight,disease,83d34c58daec5b1d29fea883e8f5c647ac59ff7c2a4ade3e34b375854977fd13,Kaggle,kaggle_renshuddd_pineapple_leaf_disease_cc_by_nc_sa_4_imagefolder,,,CC-BY-NC-SA,dataset
cv1-0128,bottle_gourd,Anthracnose,disease,fbf3cb550b536b223817cb5ef6b2a1b6efa20250c8e1fd0ea4426a020702a68d,Kaggle,kaggle_samareshkumar_multipleplantdiseases_cc0_imagefolder,,,CC0,dataset
cv1-0129,coconut,Weligama coconut leaf wilt disease,disease,fdba0207ed2d9b420c66618bd7d1605f99b5d4d864014adb69a924f5e487bcc1,Kaggle,kaggle_coconut_wclwd_kannadapranesh_unknown_imagefolder,,,unknown,dataset
cv1-0130,coconut,Leaf rot,disease,0411790d5aea0809e607c980e03cf92dfdeb54654c7c5a82b9bf59ea6d963538,Mendeley Data,mendeley_coconut_tree_disease_gh56wbsnj5_cc_by_4,https://data.mendeley.com/datasets/gh56wbsnj5,gh56wbsnj5,CC-BY-4.0,record_url
cv1-0131,papaya,Papaya Leaf Curl Virus,disease,61fc4551d5ddee78c9dced02712c42a949db65552345ddc2ed47f5052e97f4d1,Mendeley Data,mendeley_papaya_orchard_44p8v6ywsm_cc_by_4_original,https://data.mendeley.com/datasets/44p8v6ywsm,44p8v6ywsm,CC-BY-4.0,record_url
cv1-0132,apricot,Healthy,healthy,824a9490cddbcf5f752b61fa65d5581c6183b2489ad92b0765a561bb915c5a23,Kaggle,kaggle_codewithsk_apricot_plantcity_2025_odbl_imagefolder,,,ODbL,dataset
cv1-0133,peach,Brown Rot,disease,8e08d068d6648e2db7734f419da6717bd023b69e30354592671cf2ecb509d5a7,Bugwood,bugwood_api_peach_brown_rot_monilinia_fructicola_prunus_persica_cc_by_nc_3,https://www.forestryimages.org/browse/detail.cfm?imgnum=1235059,1235059,CC-BY-NC,record_url
cv1-0134,guava,Scab,disease,eef2230b0ddf12deef81c0200dd801fa201f64c5fdaaa679acef95f5baed07da,Kaggle,kaggle_shuvokumarbasak2030_guava_algal_leaf_spot_mit_imagefolder,,,MIT,dataset
cv1-0135,strawberry,Healthy,healthy,5a30f7fed59abca8ad18ee5d5ac7b64e8662c60160b5b5ec748766a9cc889b8e,Kaggle,kaggle_plantdiseaset3_cc0_imagefolder,,,CC0,dataset
cv1-0136,strawberry,Angular Leaf Spot,disease,660770c69c049348f38eb9983572dbaffe16c45c107216276a8a0250924939dd,Kaggle,kaggle_syahrulramdhani_strawberry_diseases_unknown_imagefolder,,,unknown,dataset
cv1-0137,peach,Bacterial Spot,disease,9d932742bdc6ccc206734935671a536d1138ac0afc52be6636c5b49b7ace1991,Kaggle,kaggle_plant_disease_detection_bbox_cc_by_4_yolo,,,CC-BY-4.0,dataset
cv1-0138,strawberry,Anthracnose,disease,6bb7e19665b76e73801df06718c3d509fee0299345230262919ab548fa46993e,Kaggle,kaggle_nikitkashyap_fruit_infection_strawberry_anthracnose_unknown_imagefolder,,,unknown,dataset
cv1-0139,guava,Algal Leaf Spot,disease,3e57bc9a6b0e0110543cf7ab30f867751101e69680bb2828353ef4a5a9d69eea,Kaggle,kaggle_shuvokumarbasak2030_guava_algal_leaf_spot_mit_imagefolder,,,MIT,dataset
cv1-0140,citrus,Algal Leaf Spot,disease,ed3f192066cb691760defdf44fc124cd1d0f2478a0f71f1cd6ded5fc4782382a,Mendeley Data,mendeley_lemon_leaf_8d9fv6kpt3_cc_by_4_public_folders,https://data.mendeley.com/datasets/8d9fv6kpt3,8d9fv6kpt3,CC-BY-4.0,record_url
cv1-0141,blueberry,Healthy,healthy,c561e9ba95b572bd7b2ebcfaa007b68ff64d789330afb7092d3b4b29ef899533,Kaggle,kaggle_plantdiseaset3_cc0_imagefolder,,,CC0,dataset
cv1-0142,banana,Yellow and Black Sigatoka,disease,326e39cb55746c641ed274ad6d7f16a8e5a98b56aff5d6e35f048f6d758d29d9,Kaggle,kaggle_custom_100_category_nc_sa_imagefolder,,,CC-BY-NC-SA,dataset
cv1-0143,papaya,Ring Spot Virus,disease,666b5bef00b5369c0a2cf18206a9735b8eae8824412bd2cd10c1f4d438eb3dc0,Mendeley Data,mendeley_papaya_leaf_disease_3kwgxg4stb_cc_by_4_raw,https://data.mendeley.com/datasets/3kwgxg4stb,3kwgxg4stb,CC-BY-4.0,record_url
cv1-0144,strawberry,Calcium Deficiency,nutrient_deficiency,5b39b20046c2956aa12274383a7877b0604e03265a5c601d246d5ef465c141f5,Kaggle,kaggle_ercanavsar_strawberry_tipburn_unknown_imagefolder,,,unknown,dataset
cv1-0145,citrus,Citrus Greening Disease,disease,774f04eb15b2867d015928ed044e7500960828bc3426ade63aa84330b10eae9c,HuggingFace,hf_plant_village_dscomp380_cc0,,,CC0,dataset
cv1-0146,grapes,Powdery Mildew,disease,a6ebf62da798b80867fcaf2cfd1794b1b4c1f7ccce2cd6001ade2bcec230da72,Kaggle,kaggle_kanishkasalgude_d59india_unknown_augmented_imagefolder,,,unknown,dataset
cv1-0147,guava,Healthy,healthy,3f704daa0ef43f33892210df0d5ecb79ac44ec660c3911cc719e4a04215fefa0,Kaggle,kaggle_custom_100_category_nc_sa_imagefolder,,,CC-BY-NC-SA,dataset
cv1-0148,coconut,Grey leaf spot,disease,9c56eebb4ab8e9c751ebe2eb87e2098ec3d341c667f82ac3ffdd4355301e4c9e,Kaggle,kaggle_coconut_grey_leaf_spot_saravanank28_cc_by_nc_sa_imagefolder,,,CC-BY-NC-SA,dataset
cv1-0149,mango,Powdery Mildew,disease,49105c3a256d066d3bbe5633c11a415c485bc9b3cc8110bb3dc058027ece9bea,local (no external source),local_yolo,,,unclassified,none
cv1-0150,mango,Healthy,healthy,0eb10c0ac490d89c93c1103eb8ef4cd7b6e3c16b35eee8a0df326e3f9537a575,Kaggle,kaggle_custom_100_category_nc_sa_imagefolder,,,CC-BY-NC-SA,dataset
cv1-0151,cherry,Healthy,healthy,c4c9649fea598c912e43666a75d1de00a3f67327be97e840c618b6189ae865c0,Kaggle,kaggle_plantdiseaset3_cc0_imagefolder,,,CC0,dataset
cv1-0152,apricot,Shothole Disease,disease,60aed6b2a70ab4ffc6c38af877c2b23dad4c886b34573a6e71721b9b741e2588,Kaggle,kaggle_codewithsk_apricot_plantcity_2025_odbl_imagefolder,,,ODbL,dataset
cv1-0153,raspberry,Healthy,healthy,19d00053a7c661d9f2b74653e0b789c5a62f02ab9776685b629b5adcddb28b3a,Kaggle,kaggle_plantdiseaset3_cc0_imagefolder,,,CC0,dataset
cv1-0154,apple,Anthracnose,disease,1301fe31af0f83e685156138ced26d9273a3dd7c79e51a89aef76211dc9d3940,Mendeley Data,mendeley_manalagi_apple_9zgkwwv9j8_cc_by_4_public_folders,https://data.mendeley.com/datasets/9zgkwwv9j8,9zgkwwv9j8,CC-BY-4.0,record_url
cv1-0155,apple,Powdery Mildew,disease,405a2b96f20c0b4975c8ff2d3bb154d73cabfd0d0916fbf2652c44136445647b,Kaggle,kaggle_aibuzz_apple_powdery_mildew_dbcl_1_imagefolder,,,unclassified,dataset
cv1-0156,pomegranate,Cercospora Fruit and Leaf Spot,disease,478ce748030900fc571963eb13505fb0b51629d1325ee526bbb073039a8292d0,Kaggle,kaggle_fruits_disease_ateebnoone_mit_imagefolder,,,MIT,dataset
cv1-0157,pomegranate,Healthy,healthy,c209ee3c70694101a7ab0de28bf4bf71f8155533879ff585bfe1adb77e7aa6fb,Kaggle,kaggle_fruits_disease_ateebnoone_mit_imagefolder,,,MIT,dataset
cv1-0158,weed,toothed_dock,unknown,4e694dbbe608c6f20fcc999e96b84eb37c94c72a5bae2b081addb411512eb2c4,HuggingFace,hf_inatag_mini_rumex_dentatus_apache2,,,Apache-2.0,dataset
cv1-0159,weed,weedy_rice,unknown,b5270f7e86b2a056d7ea3b99c7c3fd7aef1b31979906266f609138f1853889c5,Mendeley Data,mendeley_weedy_rice_vt4s83pxx6_cc_by_4,https://data.mendeley.com/datasets/vt4s83pxx6,vt4s83pxx6,CC-BY-4.0,record_url
cv1-0160,weed,false_daisy,unknown,19c2dfba7e31087363286fd5a984c57ac0b11c7e62c3fb355f360962af0b9c24,iNaturalist,inat_eclipta_prostrata_cc0_cc_by,https://www.inaturalist.org/photos/497509678,497509678,CC-BY,record_url
cv1-0161,weed,striga_or_witchweed,unknown,0f75ae3eddad39f734b8eda1c636063b3f47ab73d35b4b67852722330319ef1b,iNaturalist,inat_striga_asiatica_cc0_cc_by,https://www.inaturalist.org/photos/1439003,1439003,CC-BY,record_url
